--
-- Script was generated by Devart dbForge Studio 2022 for MySQL, Version 9.1.21.0
-- Product home page: http://www.devart.com/dbforge/mysql/studio
-- Script date 14/09/2023 12:37:05
-- Server version: 8.0.32
-- Client version: 4.1
--

-- 
-- Disable foreign keys
-- 
/*!40014 SET @OLD_FOREIGN_KEY_CHECKS=@@FOREIGN_KEY_CHECKS, FOREIGN_KEY_CHECKS=0 */;

-- 
-- Set SQL mode
-- 
/*!40101 SET @OLD_SQL_MODE=@@SQL_MODE, SQL_MODE='NO_AUTO_VALUE_ON_ZERO' */;

-- 
-- Set character set the client will use to send SQL statements to the server
--
SET NAMES 'utf8';

--
-- Set default database
--
USE `misa.cukcuk202305_development`;

--
-- Drop procedure `Proc_Material_Export`
--
DROP PROCEDURE IF EXISTS Proc_Material_Export;

--
-- Drop procedure `Proc_Material_Get`
--
DROP PROCEDURE IF EXISTS Proc_Material_Get;

--
-- Drop function `acronym`
--
DROP FUNCTION IF EXISTS acronym;

--
-- Drop function `initials`
--
DROP FUNCTION IF EXISTS initials;

--
-- Drop procedure `Proc_MaterialAudit_CountByYear`
--
DROP PROCEDURE IF EXISTS Proc_MaterialAudit_CountByYear;

--
-- Drop procedure `Proc_MaterialAudit_Insert`
--
DROP PROCEDURE IF EXISTS Proc_MaterialAudit_Insert;

--
-- Drop procedure `Proc_MaterialAudit_InsertMany`
--
DROP PROCEDURE IF EXISTS Proc_MaterialAudit_InsertMany;

--
-- Drop table `materialaudit`
--
DROP TABLE IF EXISTS materialaudit;

--
-- Drop view `view_material_conversionunit`
--
DROP VIEW IF EXISTS view_material_conversionunit CASCADE;

--
-- Drop procedure `Proc_ConversionUnit_GetByMaterialId`
--
DROP PROCEDURE IF EXISTS Proc_ConversionUnit_GetByMaterialId;

--
-- Drop procedure `Proc_ConversionUnit_GetMany`
--
DROP PROCEDURE IF EXISTS Proc_ConversionUnit_GetMany;

--
-- Drop view `view_conversionunit`
--
DROP VIEW IF EXISTS view_conversionunit CASCADE;

--
-- Drop procedure `Proc_ConversionUnit_DeleteMany`
--
DROP PROCEDURE IF EXISTS Proc_ConversionUnit_DeleteMany;

--
-- Drop procedure `Proc_ConversionUnit_InsertMany`
--
DROP PROCEDURE IF EXISTS Proc_ConversionUnit_InsertMany;

--
-- Drop procedure `Proc_ConversionUnit_UpdateMany`
--
DROP PROCEDURE IF EXISTS Proc_ConversionUnit_UpdateMany;

--
-- Drop table `conversionunit`
--
DROP TABLE IF EXISTS conversionunit;

--
-- Drop procedure `Proc_Material_Filter`
--
DROP PROCEDURE IF EXISTS Proc_Material_Filter;

--
-- Drop procedure `Proc_Material_GetAll`
--
DROP PROCEDURE IF EXISTS Proc_Material_GetAll;

--
-- Drop procedure `Proc_Material_GetByCode`
--
DROP PROCEDURE IF EXISTS Proc_Material_GetByCode;

--
-- Drop procedure `Proc_Material_GetManyByCode`
--
DROP PROCEDURE IF EXISTS Proc_Material_GetManyByCode;

--
-- Drop view `view_material`
--
DROP VIEW IF EXISTS view_material CASCADE;

--
-- Drop procedure `Proc_Material_CountByFollow`
--
DROP PROCEDURE IF EXISTS Proc_Material_CountByFollow;

--
-- Drop procedure `Proc_Material_CountByWarehouse`
--
DROP PROCEDURE IF EXISTS Proc_Material_CountByWarehouse;

--
-- Drop procedure `Proc_Material_CountByYear`
--
DROP PROCEDURE IF EXISTS Proc_Material_CountByYear;

--
-- Drop procedure `Proc_Material_Delete`
--
DROP PROCEDURE IF EXISTS Proc_Material_Delete;

--
-- Drop procedure `Proc_Material_DeleteMany`
--
DROP PROCEDURE IF EXISTS Proc_Material_DeleteMany;

--
-- Drop procedure `Proc_Material_GetMaxCode`
--
DROP PROCEDURE IF EXISTS Proc_Material_GetMaxCode;

--
-- Drop procedure `Proc_Material_Insert`
--
DROP PROCEDURE IF EXISTS Proc_Material_Insert;

--
-- Drop procedure `Proc_Material_InsertMany`
--
DROP PROCEDURE IF EXISTS Proc_Material_InsertMany;

--
-- Drop procedure `Proc_Material_Update`
--
DROP PROCEDURE IF EXISTS Proc_Material_Update;

--
-- Drop table `material`
--
DROP TABLE IF EXISTS material;

--
-- Drop procedure `Proc_Warehouse_Get`
--
DROP PROCEDURE IF EXISTS Proc_Warehouse_Get;

--
-- Drop procedure `Proc_Warehouse_GetAll`
--
DROP PROCEDURE IF EXISTS Proc_Warehouse_GetAll;

--
-- Drop procedure `Proc_Warehouse_GetByCode`
--
DROP PROCEDURE IF EXISTS Proc_Warehouse_GetByCode;

--
-- Drop procedure `Proc_Warehouse_GetMany`
--
DROP PROCEDURE IF EXISTS Proc_Warehouse_GetMany;

--
-- Drop procedure `Proc_Warehouse_GetManyByCode`
--
DROP PROCEDURE IF EXISTS Proc_Warehouse_GetManyByCode;

--
-- Drop view `view_warehouse`
--
DROP VIEW IF EXISTS view_warehouse CASCADE;

--
-- Drop procedure `Proc_Warehouse_Delete`
--
DROP PROCEDURE IF EXISTS Proc_Warehouse_Delete;

--
-- Drop procedure `Proc_Warehouse_Insert`
--
DROP PROCEDURE IF EXISTS Proc_Warehouse_Insert;

--
-- Drop table `warehouse`
--
DROP TABLE IF EXISTS warehouse;

--
-- Drop procedure `Proc_Unit_Get`
--
DROP PROCEDURE IF EXISTS Proc_Unit_Get;

--
-- Drop procedure `Proc_Unit_GetAll`
--
DROP PROCEDURE IF EXISTS Proc_Unit_GetAll;

--
-- Drop procedure `Proc_Unit_GetAllId`
--
DROP PROCEDURE IF EXISTS Proc_Unit_GetAllId;

--
-- Drop procedure `Proc_Unit_GetByName`
--
DROP PROCEDURE IF EXISTS Proc_Unit_GetByName;

--
-- Drop procedure `Proc_Unit_GetMany`
--
DROP PROCEDURE IF EXISTS Proc_Unit_GetMany;

--
-- Drop procedure `Proc_Unit_GetManyByName`
--
DROP PROCEDURE IF EXISTS Proc_Unit_GetManyByName;

--
-- Drop view `view_unit`
--
DROP VIEW IF EXISTS view_unit CASCADE;

--
-- Drop procedure `Proc_Unit_Delete`
--
DROP PROCEDURE IF EXISTS Proc_Unit_Delete;

--
-- Drop procedure `Proc_Unit_Insert`
--
DROP PROCEDURE IF EXISTS Proc_Unit_Insert;

--
-- Drop table `unit`
--
DROP TABLE IF EXISTS unit;

--
-- Set default database
--
USE `misa.cukcuk202305_development`;

--
-- Create table `unit`
--
CREATE TABLE unit (
  UnitId char(36) NOT NULL DEFAULT (UUID()) COMMENT 'Khoá chính bảng đơn vị',
  UnitName varchar(255) CHARACTER SET utf8mb4 COLLATE utf8mb4_0900_as_ci NOT NULL COMMENT 'Tên đơn vị',
  Description varchar(255) DEFAULT NULL COMMENT 'Mô tả',
  CreatedBy varchar(255) DEFAULT NULL COMMENT 'Người tạo',
  CreatedDate datetime DEFAULT NULL COMMENT 'Thời gian tạo',
  ModifiedBy varchar(255) DEFAULT NULL COMMENT 'Người sửa',
  ModifiedDate datetime DEFAULT NULL COMMENT 'Thời gian sửa',
  PRIMARY KEY (UnitId)
)
ENGINE = INNODB,
AVG_ROW_LENGTH = 712,
CHARACTER SET utf8mb4,
COLLATE utf8mb4_0900_ai_ci,
COMMENT = 'Bảng đơn vị tính - nlnhat (15/08/2023)';

--
-- Create index `UK_unit_UnitId` on table `unit`
--
ALTER TABLE unit
ADD UNIQUE INDEX UK_unit_UnitId (UnitId);

DELIMITER $$

--
-- Create procedure `Proc_Unit_Insert`
--
CREATE PROCEDURE Proc_Unit_Insert (IN p_UnitId char(36),
IN p_UnitName varchar(255),
IN p_Description varchar(255),
IN p_CreatedBy varchar(255),
IN p_CreatedDate datetime,
OUT p_UnitIdOut char(36))
SQL SECURITY INVOKER
COMMENT 'Tạo mới 1 đơn vị tính - nlnhat (16/08/2023)'
BEGIN
  INSERT INTO Unit (UnitId,
  UnitName,
  Description,
  CreatedBy,
  CreatedDate)
    VALUES (p_UnitId, p_UnitName, p_Description, p_CreatedBy, p_CreatedDate);
  SELECT
    p_UnitId INTO p_UnitIdOut;
END
$$

--
-- Create procedure `Proc_Unit_Delete`
--
CREATE PROCEDURE Proc_Unit_Delete (IN p_UnitId char(36))
SQL SECURITY INVOKER
COMMENT 'Xoá 1 đơn vị tính theo id - nlnhat (16/08/2023)'
BEGIN
  DELETE
    FROM unit u
  WHERE u.UnitId = p_UnitId;
END
$$

DELIMITER ;

--
-- Create view `view_unit`
--
CREATE
DEFINER = 'root'@'localhost'
VIEW view_unit
AS
SELECT
  ROW_NUMBER() OVER (
  ORDER BY `u`.`CreatedDate` DESC, `u`.`UnitName`) AS `Index`,
  `u`.`UnitId` AS `UnitId`,
  `u`.`UnitName` AS `UnitName`,
  `u`.`Description` AS `Description`,
  `u`.`CreatedBy` AS `CreatedBy`,
  `u`.`CreatedDate` AS `CreatedDate`,
  `u`.`ModifiedBy` AS `ModifiedBy`,
  `u`.`ModifiedDate` AS `ModifiedDate`
FROM `unit` `u`;

DELIMITER $$

--
-- Create procedure `Proc_Unit_GetManyByName`
--
CREATE PROCEDURE Proc_Unit_GetManyByName (IN p_UnitNames json)
SQL SECURITY INVOKER
COMMENT 'Lấy danh sách đơn vị tính theo tên - nlnhat (07/09/2023)'
BEGIN
  SELECT
    *
  FROM view_unit vu
  WHERE vu.UnitName IN (SELECT
      name
    FROM JSON_TABLE (p_UnitNames, '$[*]'
    COLUMNS (name char(36) PATH '$')) AS Json_Unit);
END
$$

--
-- Create procedure `Proc_Unit_GetMany`
--
CREATE PROCEDURE Proc_Unit_GetMany (IN p_UnitIds json)
SQL SECURITY INVOKER
COMMENT 'Lấy danh sách đơn vị tính theo danh sách id - nlnhat (07/09/2023)'
BEGIN
  SELECT
    *
  FROM view_unit vu
  WHERE vu.UnitId IN (SELECT
      id
    FROM JSON_TABLE (p_UnitIds, '$[*]'
    COLUMNS (id char(36) PATH '$')) AS Json_Unit);
END
$$

--
-- Create procedure `Proc_Unit_GetByName`
--
CREATE PROCEDURE Proc_Unit_GetByName (IN p_UnitName varchar(255))
SQL SECURITY INVOKER
COMMENT 'Lấy đơn vị tính theo tên - nlnhat (16/08/2023)'
BEGIN
  SELECT
    *
  FROM view_unit vu
  WHERE vu.UnitName = p_UnitName COLLATE utf8mb4_0900_as_ci;
END
$$

--
-- Create procedure `Proc_Unit_GetAllId`
--
CREATE PROCEDURE Proc_Unit_GetAllId ()
SQL SECURITY INVOKER
COMMENT 'Lấy tất cả id của đơn vị tính - nlnhat (06/09/2023)'
BEGIN
  SELECT
    vu.UnitId
  FROM view_unit vu;
END
$$

--
-- Create procedure `Proc_Unit_GetAll`
--
CREATE PROCEDURE Proc_Unit_GetAll ()
SQL SECURITY INVOKER
COMMENT 'Lấy tất cả đơn vị tính - nlnhat (16/08/2023)'
BEGIN
  SELECT
    *
  FROM view_unit vu;
END
$$

--
-- Create procedure `Proc_Unit_Get`
--
CREATE PROCEDURE Proc_Unit_Get (IN p_UnitId char(36))
SQL SECURITY INVOKER
COMMENT 'Lấy đơn vị tính theo id - nlnhat (16/08/2023)'
BEGIN
  SELECT
    *
  FROM view_unit vu
  WHERE vu.UnitId = p_UnitId;
END
$$

DELIMITER ;

--
-- Create table `warehouse`
--
CREATE TABLE warehouse (
  WarehouseId char(36) NOT NULL DEFAULT (UUID()) COMMENT 'Khoá chính bảng kho',
  WarehouseCode varchar(20) NOT NULL COMMENT 'Mã kho',
  WarehouseName varchar(255) DEFAULT NULL COMMENT 'Tên kho',
  Address varchar(255) DEFAULT NULL COMMENT 'Địa chỉ kho',
  CreatedBy varchar(255) DEFAULT NULL COMMENT 'Người tạo',
  CreatedDate datetime DEFAULT NULL COMMENT 'Thời gian tạo',
  ModifiedBy varchar(255) DEFAULT NULL COMMENT 'Người sửa',
  ModifiedDate datetime DEFAULT NULL COMMENT 'Thời gian sửa',
  PRIMARY KEY (WarehouseId)
)
ENGINE = INNODB,
AVG_ROW_LENGTH = 1638,
CHARACTER SET utf8mb4,
COLLATE utf8mb4_0900_ai_ci,
COMMENT = 'Bảng kho ngầm định - nlnhat (15/08/2023)';

--
-- Create index `UK_warehouse_WarehouseCode` on table `warehouse`
--
ALTER TABLE warehouse
ADD UNIQUE INDEX UK_warehouse_WarehouseCode (WarehouseCode);

--
-- Create index `UK_warehouse_WarehouseId` on table `warehouse`
--
ALTER TABLE warehouse
ADD UNIQUE INDEX UK_warehouse_WarehouseId (WarehouseId);

--
-- Create index `IDX_warehouse_WarehouseName` on table `warehouse`
--
ALTER TABLE warehouse
ADD INDEX IDX_warehouse_WarehouseName (WarehouseName);

DELIMITER $$

--
-- Create procedure `Proc_Warehouse_Insert`
--
CREATE PROCEDURE Proc_Warehouse_Insert (IN p_WarehouseId char(36),
IN p_WarehouseCode varchar(255),
IN p_WarehouseName varchar(255),
IN p_Address varchar(255),
IN p_CreatedBy varchar(255),
IN p_CreatedDate datetime,
OUT p_WarehouseIdOut char(36))
SQL SECURITY INVOKER
COMMENT 'Tạo mới 1 kho - nlnhat (16/08/2023)'
BEGIN
  INSERT INTO warehouse (WarehouseId,
  WarehouseCode,
  WarehouseName,
  Address,
  CreatedBy,
  CreatedDate)
    VALUES (p_WarehouseId, UPPER(p_WarehouseCode), p_WarehouseName, p_Address, p_CreatedBy, p_CreatedDate);
  SELECT
    p_WarehouseId INTO p_WarehouseIdOut;
END
$$

--
-- Create procedure `Proc_Warehouse_Delete`
--
CREATE PROCEDURE Proc_Warehouse_Delete (IN p_WarehouseId char(36))
SQL SECURITY INVOKER
COMMENT 'Xoá 1 kho theo id - nlnhat (16/08/2023)'
BEGIN
  DELETE
    FROM warehouse w
  WHERE w.WarehouseId = p_WarehouseId;
END
$$

DELIMITER ;

--
-- Create view `view_warehouse`
--
CREATE
DEFINER = 'root'@'localhost'
VIEW view_warehouse
AS
SELECT
  ROW_NUMBER() OVER (
  ORDER BY `w`.`CreatedDate` DESC, `w`.`WarehouseCode` DESC) AS `Index`,
  `w`.`WarehouseId` AS `WarehouseId`,
  `w`.`WarehouseCode` AS `WarehouseCode`,
  `w`.`WarehouseName` AS `WarehouseName`,
  `w`.`Address` AS `Address`,
  `w`.`CreatedBy` AS `CreatedBy`,
  `w`.`CreatedDate` AS `CreatedDate`,
  `w`.`ModifiedBy` AS `ModifiedBy`,
  `w`.`ModifiedDate` AS `ModifiedDate`
FROM `warehouse` `w`;

DELIMITER $$

--
-- Create procedure `Proc_Warehouse_GetManyByCode`
--
CREATE PROCEDURE Proc_Warehouse_GetManyByCode (IN p_WarehouseCodes json)
SQL SECURITY INVOKER
COMMENT 'Lấy danh sách kho theo danh sách mã- nlnhat (07/09/2023)'
BEGIN
  SELECT
    *
  FROM view_warehouse vw
  WHERE vw.WarehouseCode IN (SELECT
      code
    FROM JSON_TABLE (p_WarehouseCodes, '$[*]'
    COLUMNS (code char(36) PATH '$')) AS Json_Warehouse);
END
$$

--
-- Create procedure `Proc_Warehouse_GetMany`
--
CREATE PROCEDURE Proc_Warehouse_GetMany (IN p_WarehouseIds json)
SQL SECURITY INVOKER
COMMENT 'Lấy danh sách nhà kho theo danh sách id - nlnhat (07/09/2023)'
BEGIN
  SELECT
    *
  FROM view_warehouse vw
  WHERE vw.WarehouseId IN (SELECT
      id
    FROM JSON_TABLE (p_WarehouseIds, '$[*]'
    COLUMNS (id char(36) PATH '$')) AS Json_Warehouse);
END
$$

--
-- Create procedure `Proc_Warehouse_GetByCode`
--
CREATE PROCEDURE Proc_Warehouse_GetByCode (IN p_WarehouseCode varchar(20))
SQL SECURITY INVOKER
COMMENT 'Lấy thông tin kho theo mã kho - nlnhat (16/08/2023)'
BEGIN
  SELECT
    *
  FROM view_warehouse vw
  WHERE vw.WarehouseCode = p_WarehouseCode;
END
$$

--
-- Create procedure `Proc_Warehouse_GetAll`
--
CREATE PROCEDURE Proc_Warehouse_GetAll ()
SQL SECURITY INVOKER
COMMENT 'Lấy tất cả kho - nlnhat (16/08/2023)'
BEGIN
  SELECT
    *
  FROM view_warehouse vw;
END
$$

--
-- Create procedure `Proc_Warehouse_Get`
--
CREATE PROCEDURE Proc_Warehouse_Get (IN p_WarehouseId char(36))
SQL SECURITY INVOKER
COMMENT 'Lấy nhà kho theo id - nlnhat (16/08/2023)'
BEGIN
  SELECT
    *
  FROM view_warehouse vw
  WHERE vw.WarehouseId = p_WarehouseId;
END
$$

DELIMITER ;

--
-- Create table `material`
--
CREATE TABLE material (
  MaterialId char(36) NOT NULL DEFAULT (UUID()) COMMENT 'Khoá chính bảng nguyên vật liệu',
  MaterialCode varchar(20) NOT NULL COMMENT 'Mã nguyên vật liệu',
  MaterialName varchar(255) NOT NULL COMMENT 'Tên nguyên vật liệu',
  UnitId char(36) NOT NULL COMMENT 'Id đơn vị tính',
  WarehouseId char(36) DEFAULT NULL COMMENT 'Id kho',
  ExpiryTime int DEFAULT NULL COMMENT 'Thời gian hết hạn',
  TimeUnit int DEFAULT NULL COMMENT 'Đơn vị thời gian (0: Ngày; 1: Tháng; 2: Năm)',
  MinimumInventory decimal(18, 2) DEFAULT NULL COMMENT 'Số lượng tồn tối thiểu',
  Note varchar(255) DEFAULT NULL COMMENT 'Ghi chú',
  IsUnfollow tinyint(1) DEFAULT 0 COMMENT 'Ngừng theo dõi hay không (0: Vẫn theo dõi; 1: Ngừng theo dõi)',
  CreatedBy varchar(255) DEFAULT NULL COMMENT 'Người tạo',
  CreatedDate datetime DEFAULT NULL COMMENT 'Thời gian tạo',
  ModifiedBy varchar(255) DEFAULT NULL COMMENT 'Người sửa lần cuối',
  ModifiedDate datetime DEFAULT NULL COMMENT 'Thời gian sửa',
  PRIMARY KEY (MaterialId)
)
ENGINE = INNODB,
AVG_ROW_LENGTH = 327,
CHARACTER SET utf8mb4,
COLLATE utf8mb4_0900_ai_ci,
COMMENT = 'Bảng nguyên vật liệu - nlnhat (15/08/2023)';

--
-- Create index `UK_material_MaterialId` on table `material`
--
ALTER TABLE material
ADD UNIQUE INDEX UK_material_MaterialId (MaterialId);

--
-- Create index `UK_material_MaterialCode` on table `material`
--
ALTER TABLE material
ADD UNIQUE INDEX UK_material_MaterialCode (MaterialCode);

--
-- Create index `IDX_material_MaterialName` on table `material`
--
ALTER TABLE material
ADD INDEX IDX_material_MaterialName (MaterialName);

--
-- Create index `IDX_material_UnitId` on table `material`
--
ALTER TABLE material
ADD INDEX IDX_material_UnitId (UnitId);

--
-- Create index `IDX_material_WarehouseId` on table `material`
--
ALTER TABLE material
ADD INDEX IDX_material_WarehouseId (WarehouseId);

--
-- Create foreign key
--
ALTER TABLE material
ADD CONSTRAINT FK_material_unit_UnitId FOREIGN KEY (UnitId)
REFERENCES unit (UnitId);

--
-- Create foreign key
--
ALTER TABLE material
ADD CONSTRAINT FK_material_warehouse_WarehouseId FOREIGN KEY (WarehouseId)
REFERENCES warehouse (WarehouseId);

DELIMITER $$

--
-- Create procedure `Proc_Material_Update`
--
CREATE PROCEDURE Proc_Material_Update (IN p_MaterialId char(36),
IN p_MaterialCode varchar(20),
IN p_MaterialName varchar(255),
IN p_UnitId char(36),
IN p_WarehouseId char(36),
IN p_ExpiryTime int,
IN p_TimeUnit int,
IN p_MinimumInventory decimal(18, 2),
IN p_Note varchar(255),
IN p_IsUnfollow tinyint(1),
IN p_CreatedBy varchar(255),
IN p_CreatedDate datetime,
IN p_ModifiedBy varchar(255),
IN p_ModifiedDate datetime)
SQL SECURITY INVOKER
COMMENT 'Cập nhật 1 nguyên vật liệu theo id - nlnhat (16/08/2023)'
BEGIN
  UPDATE material m
  SET m.MaterialCode = p_MaterialCode,
      m.MaterialName = p_MaterialName,
      m.UnitId = p_UnitId,
      m.WarehouseId = p_WarehouseId,
      m.ExpiryTime = p_ExpiryTime,
      m.TimeUnit = p_TimeUnit,
      m.MinimumInventory = p_MinimumInventory,
      m.Note = p_Note,
      m.IsUnfollow = p_IsUnfollow,
      m.CreatedBy = p_CreatedBy,
      m.CreatedDate = p_CreatedDate,
      m.ModifiedBy = p_ModifiedBy,
      m.ModifiedDate = p_ModifiedDate
  WHERE m.MaterialId = p_MaterialId;
END
$$

--
-- Create procedure `Proc_Material_InsertMany`
--
CREATE PROCEDURE Proc_Material_InsertMany (IN p_Materials json)
SQL SECURITY INVOKER
COMMENT 'Tạo mới nhiều nguyên vật liệu - nlnhat (16/08/2023)'
BEGIN
  INSERT INTO Material (MaterialId,
  MaterialCode,
  MaterialName,
  UnitId,
  WarehouseId,
  ExpiryTime,
  TimeUnit,
  MinimumInventory,
  Note,
  IsUnfollow,
  CreatedBy,
  CreatedDate)
    SELECT
      jm.MaterialId,
      jm.MaterialCode,
      jm.MaterialName,
      jm.UnitId,
      jm.WarehouseId,
      jm.ExpiryTime,
      jm.TimeUnit,
      jm.MinimumInventory,
      jm.Note,
      jm.IsUnfollow,
      jm.CreatedBy,
      jm.CreatedDate
    FROM JSON_TABLE (p_Materials, '$[*]' COLUMNS (
    MaterialId char(36) PATH '$.MaterialId',
    MaterialCode varchar(20) PATH '$.MaterialCode',
    MaterialName varchar(255) PATH '$.MaterialName',
    UnitId char(36) PATH '$.UnitId',
    WarehouseId char(36) PATH '$.WarehouseId',
    ExpiryTime int PATH '$.ExpiryTime',
    TimeUnit int PATH '$.TimeUnit',
    MinimumInventory decimal(18, 2) PATH '$.MinimumInventory',
    Note varchar(255) PATH '$.Note',
    IsUnfollow tinyint(1) PATH '$.IsUnfollow',
    CreatedBy varchar(255) PATH '$.CreatedBy',
    CreatedDate datetime PATH '$.CreatedDate')
    ) AS jm;
END
$$

--
-- Create procedure `Proc_Material_Insert`
--
CREATE PROCEDURE Proc_Material_Insert (IN p_MaterialId char(36),
IN p_MaterialCode varchar(20),
IN p_MaterialName varchar(255),
IN p_UnitId char(36),
IN p_WarehouseId char(36),
IN p_ExpiryTime int,
IN p_TimeUnit int,
IN p_MinimumInventory decimal(18, 2),
IN p_Note varchar(255),
IN p_IsUnfollow tinyint(1),
IN p_CreatedBy varchar(255),
IN p_CreatedDate datetime,
OUT p_MaterialIdOut char(36))
SQL SECURITY INVOKER
COMMENT 'Tạo mới 1 nguyên vật liệu - nlnhat (16/08/2023)'
BEGIN
  INSERT INTO material (MaterialId,
  MaterialCode,
  MaterialName,
  UnitId,
  WarehouseId,
  ExpiryTime,
  TimeUnit,
  MinimumInventory,
  Note,
  IsUnfollow,
  CreatedBy,
  CreatedDate)
    VALUES (p_MaterialId, UPPER(p_MaterialCode), p_MaterialName, p_UnitId, p_WarehouseId, p_ExpiryTime, p_TimeUnit, p_MinimumInventory, p_Note, p_IsUnfollow, p_CreatedBy, p_CreatedDate);
  SELECT
    p_MaterialId INTO p_MaterialIdOut;
END
$$

--
-- Create procedure `Proc_Material_GetMaxCode`
--
CREATE PROCEDURE Proc_Material_GetMaxCode (IN p_Prefix varchar(20))
SQL SECURITY INVOKER
COMMENT 'Lấy mã nguyên vật liệu mới - nlnhat (17/08/2023)'
BEGIN
  DECLARE maxNumber int;

  --  Lấy số lớn nhất theo Prefix
  SELECT
    MAX(CAST(SUBSTRING(m.MaterialCode, LENGTH(p_Prefix) + 1) AS UNSIGNED)) INTO maxNumber
  FROM material m
  WHERE m.MaterialCode REGEXP CONCAT('^', p_Prefix, '[0-9]+$');

  -- Nếu chưa có mã theo Prefix thì set = 0
  IF maxNumber IS NULL THEN
    SET maxNumber = 0;
  END IF;

  SELECT
    maxNumber;
END
$$

--
-- Create procedure `Proc_Material_DeleteMany`
--
CREATE PROCEDURE Proc_Material_DeleteMany (IN p_MaterialIds json)
SQL SECURITY INVOKER
COMMENT 'Xoá nhiều nguyên vật liệu theo id - nlnhat (16/08/2023)'
BEGIN
  DELETE
    FROM material m
  WHERE m.MaterialId IN (SELECT
        id
      FROM JSON_TABLE (p_MaterialIds, '$[*]'
      COLUMNS (id char(36) PATH '$')) AS Json_MaterialIds);
END
$$

--
-- Create procedure `Proc_Material_Delete`
--
CREATE PROCEDURE Proc_Material_Delete (IN p_MaterialId char(36))
SQL SECURITY INVOKER
COMMENT 'Xoá 1 nguyên vật liệu theo id - nlnhat (16/08/2023)'
BEGIN
  DELETE
    FROM material m
  WHERE m.MaterialId = p_MaterialId;
END
$$

--
-- Create procedure `Proc_Material_CountByYear`
--
CREATE PROCEDURE Proc_Material_CountByYear ()
SQL SECURITY INVOKER
COMMENT 'Đếm số lượng nguyên vật liệu theo năm được tạo - nlnhat (08/09/2023)'
BEGIN
  SELECT
    YEAR(m.CreatedDate) AS Year,
    COUNT(DISTINCT m.MaterialId) AS Count
  FROM material m
  WHERE m.IsUnfollow IS NULL
  OR m.IsUnfollow <> 1
  GROUP BY YEAR(m.CreatedDate)
  ORDER BY Year;
END
$$

--
-- Create procedure `Proc_Material_CountByWarehouse`
--
CREATE PROCEDURE Proc_Material_CountByWarehouse ()
SQL SECURITY INVOKER
COMMENT 'Đếm số lượng nguyên vật liệu theo kho - nlnhat (08/09/2023)'
BEGIN
  SELECT
    w.WarehouseName AS WarehouseName,
    COUNT(DISTINCT m.MaterialId) AS Count
  FROM material m
    RIGHT JOIN warehouse w
      ON m.WarehouseId = w.WarehouseId
  WHERE m.IsUnfollow IS NULL
  OR m.IsUnfollow <> 1
  GROUP BY WarehouseName
  ORDER BY Count;
END
$$

--
-- Create procedure `Proc_Material_CountByFollow`
--
CREATE PROCEDURE Proc_Material_CountByFollow ()
SQL SECURITY INVOKER
COMMENT 'Đếm số lượng nguyên vật liệu theo trạng thái - nlnhat (08/09/2023)'
BEGIN
  SELECT
    FollowCount,
    UnfollowCount,
    TotalCount
  FROM (SELECT
           COUNT(DISTINCT m.MaterialId) AS FollowCount
         FROM material m
         WHERE m.IsUnfollow = 0) AS FollowCount,
       (SELECT
           COUNT(DISTINCT m.MaterialId) AS UnfollowCount
         FROM material m
         WHERE m.IsUnfollow = 1) AS UnfollowCount,
       (SELECT
           COUNT(DISTINCT m.MaterialId) AS TotalCount
         FROM material m) AS TotalCount;
END
$$

DELIMITER ;

--
-- Create view `view_material`
--
CREATE
DEFINER = 'root'@'localhost'
VIEW view_material
AS
SELECT
  ROW_NUMBER() OVER (
  ORDER BY `m`.`CreatedDate` DESC, `m`.`MaterialCode` DESC) AS `Index`,
  `m`.`MaterialId` AS `MaterialId`,
  `m`.`MaterialCode` AS `MaterialCode`,
  `m`.`MaterialName` AS `MaterialName`,
  `m`.`UnitId` AS `UnitId`,
  `u`.`UnitName` AS `UnitName`,
  `m`.`WarehouseId` AS `WarehouseId`,
  `w`.`WarehouseCode` AS `WarehouseCode`,
  `w`.`WarehouseName` AS `WarehouseName`,
  `m`.`ExpiryTime` AS `ExpiryTime`,
  `m`.`TimeUnit` AS `TimeUnit`,
  `m`.`MinimumInventory` AS `MinimumInventory`,
  `m`.`Note` AS `Note`,
  `m`.`IsUnfollow` AS `IsUnfollow`,
  `m`.`CreatedBy` AS `CreatedBy`,
  `m`.`CreatedDate` AS `CreatedDate`,
  `m`.`ModifiedBy` AS `ModifiedBy`,
  `m`.`ModifiedDate` AS `ModifiedDate`
FROM ((`material` `m`
  LEFT JOIN `unit` `u`
    ON ((`m`.`UnitId` = `u`.`UnitId`)))
  LEFT JOIN `warehouse` `w`
    ON ((`m`.`WarehouseId` = `w`.`WarehouseId`)));

DELIMITER $$

--
-- Create procedure `Proc_Material_GetManyByCode`
--
CREATE PROCEDURE Proc_Material_GetManyByCode (IN p_MaterialCodes json)
SQL SECURITY INVOKER
COMMENT 'Lấy danh sách nguyên vật liệu theo danh sách mã- nlnhat (07/09/2023)'
BEGIN
  SELECT
    *
  FROM view_material vm
  WHERE vm.MaterialCode IN (SELECT
      code
    FROM JSON_TABLE (p_MaterialCodes, '$[*]'
    COLUMNS (code char(36) PATH '$')) AS Json_Material);
END
$$

--
-- Create procedure `Proc_Material_GetByCode`
--
CREATE PROCEDURE Proc_Material_GetByCode (IN p_MaterialCode char(36))
SQL SECURITY INVOKER
COMMENT 'Lấy nguyên vật liệu theo mã - nlnhat (16/08/2023)'
BEGIN
  SELECT
    *
  FROM view_material vm
  WHERE vm.MaterialCode = p_MaterialCode;
END
$$

--
-- Create procedure `Proc_Material_GetAll`
--
CREATE PROCEDURE Proc_Material_GetAll ()
SQL SECURITY INVOKER
COMMENT 'Lấy tất cả nguyên vật liệu - nlnhat (16/08/2023)'
BEGIN
  SELECT
    *
  FROM view_material vm;
END
$$

--
-- Create procedure `Proc_Material_Filter`
--
CREATE PROCEDURE Proc_Material_Filter (IN p_KeySearch varchar(255),
IN p_PageNumber int,
IN p_PageSize int,
IN p_QuerySort varchar(10000),
IN p_QueryFilter varchar(10000),
OUT p_TotalRecord int,
OUT p_AllRecord int,
OUT p_PageNumberOut int)
SQL SECURITY INVOKER
COMMENT 'Lọc, tìm kiếm, sắp xếp, phân trang nguyên vật liệu - nlnhat (17/08/2023)'
BEGIN
  DECLARE offset int;
  DECLARE totalPage int;

  IF (p_KeySearch IS NULL
    OR p_KeySearch = '') THEN
    SET @query = CONCAT(
    'CREATE TEMPORARY TABLE Temp_Material
          SELECT * FROM View_Material vm
          WHERE 1=1 ', p_QueryFilter, ' ',
    p_QuerySort, ';');

    PREPARE proc FROM @query;
    EXECUTE proc;
  ELSE
    SET @query = CONCAT(
    'CREATE TEMPORARY TABLE Temp_Material
          SELECT * FROM View_Material vm 
           WHERE ((vm.MaterialCode LIKE "%', p_KeySearch, '%") 
             OR (vm.MaterialName LIKE "%', p_KeySearch, '%") 
             OR (vm.Note LIKE "%', p_KeySearch, '%")) ',
    p_QueryFilter, ' ',
    p_QuerySort, ';');

    PREPARE proc FROM @query;
    EXECUTE proc;
  END IF;

  -- Đếm số bản ghi được lọc
  SELECT
    COUNT(*) INTO p_TotalRecord
  FROM Temp_Material;

  -- Đếm toàn bộ số bản ghi
  SELECT
    COUNT(*) INTO p_AllRecord
  FROM View_Material;

  -- Phân trang
  IF (p_PageSize IS NOT NULL
    AND p_PageSize > 0) THEN
    SET totalPage = CEIL(p_TotalRecord / p_PageSize);
    SET p_PageNumberOut = LEAST(p_PageNumber, totalPage);
    SET offset = (p_PageNumberOut - 1) * p_PageSize;

    SELECT
      p_PageNumberOut INTO p_PageNumberOut;

    SELECT
      *
    FROM Temp_Material
    LIMIT offset, p_PageSize;

  ELSE
    SET p_PageNumberOut = 1;
    SELECT
      p_PageNumberOut INTO p_PageNumberOut;
    SELECT
      *
    FROM Temp_Material;

  END IF;

  DROP TEMPORARY TABLE Temp_Material;

  DEALLOCATE PREPARE proc;
END
$$

DELIMITER ;

--
-- Create table `conversionunit`
--
CREATE TABLE conversionunit (
  RowIndex int DEFAULT NULL,
  ConversionUnitId char(36) NOT NULL DEFAULT (UUID()) COMMENT 'Khoá chính bảng chuyển đổi đơn vị',
  MaterialId char(36) NOT NULL COMMENT 'Id nguyên vật liệu',
  DestinationUnitId char(36) NOT NULL COMMENT 'Id đơn vị muốn đổi sang',
  Rate decimal(18, 2) NOT NULL COMMENT 'Tỉ lệ chuyển đổi',
  Operator int NOT NULL COMMENT 'Phép tính (0: Nhân; 1: Chia)',
  PRIMARY KEY (ConversionUnitId)
)
ENGINE = INNODB,
AVG_ROW_LENGTH = 299,
CHARACTER SET utf8mb4,
COLLATE utf8mb4_0900_ai_ci,
COMMENT = 'Bảng đơn vị chuyển đổi của nguyên vật liệu - nlnhat (15/08/2023)';

--
-- Create index `UK_conversionunit_ConversionUnitId` on table `conversionunit`
--
ALTER TABLE conversionunit
ADD UNIQUE INDEX UK_conversionunit_ConversionUnitId (ConversionUnitId);

--
-- Create foreign key
--
ALTER TABLE conversionunit
ADD CONSTRAINT FK_conversionunit__unit_UnitId FOREIGN KEY (DestinationUnitId)
REFERENCES unit (UnitId);

--
-- Create foreign key
--
ALTER TABLE conversionunit
ADD CONSTRAINT FK_conversionunit_material_MaterialId FOREIGN KEY (MaterialId)
REFERENCES material (MaterialId) ON DELETE CASCADE;

DELIMITER $$

--
-- Create procedure `Proc_ConversionUnit_UpdateMany`
--
CREATE PROCEDURE Proc_ConversionUnit_UpdateMany (IN p_ConversionUnits json)
SQL SECURITY INVOKER
COMMENT 'Cập nhật nhiều đơn vị chuyển đổi - nlnhat (24/08/2023)'
BEGIN
  UPDATE conversionunit AS c
  JOIN JSON_TABLE (p_ConversionUnits, '$[*]' COLUMNS (
  ConversionUnitId char(36) PATH '$.ConversionUnitId',
  MaterialId char(36) PATH '$.MaterialId',
  DestinationUnitId char(36) PATH '$.DestinationUnitId',
  Rate decimal(18, 2) PATH '$.Rate',
  Operator int PATH '$.Operator',
  RowIndex int PATH '$.RowIndex'
  )) AS jt
    ON c.ConversionUnitId = jt.ConversionUnitId
  SET c.MaterialId = jt.MaterialId,
      c.DestinationUnitId = jt.DestinationUnitId,
      c.Rate = jt.Rate,
      c.Operator = jt.Operator,
      c.RowIndex = jt.RowIndex;
END
$$

--
-- Create procedure `Proc_ConversionUnit_InsertMany`
--
CREATE PROCEDURE Proc_ConversionUnit_InsertMany (IN p_ConversionUnits json)
SQL SECURITY INVOKER
COMMENT 'Tạo mới nhiều đơn vị chuyển đổi - nlnhat (16/08/2023)'
BEGIN
  INSERT INTO ConversionUnit (ConversionUnitId, MaterialId, DestinationUnitId, Rate, Operator, RowIndex)
    SELECT
      jc.ConversionUnitId,
      jc.MaterialId,
      jc.DestinationUnitId,
      jc.Rate,
      jc.Operator,
      jc.RowIndex
    FROM JSON_TABLE (p_ConversionUnits, '$[*]' COLUMNS (
    ConversionUnitId char(36) PATH '$.ConversionUnitId',
    MaterialId char(36) PATH '$.MaterialId',
    DestinationUnitId char(36) PATH '$.DestinationUnitId',
    Rate decimal(18, 2) PATH '$.Rate',
    Operator int PATH '$.Operator',
    RowIndex int PATH '$.RowIndex'
    )) AS jc;
END
$$

--
-- Create procedure `Proc_ConversionUnit_DeleteMany`
--
CREATE PROCEDURE Proc_ConversionUnit_DeleteMany (IN p_ConversionUnitIds json)
SQL SECURITY INVOKER
COMMENT 'Xoá nhiều đơn vị chuyển đổi - nlnhat (24/08/2023)'
BEGIN
  DELETE
    FROM conversionunit c
  WHERE c.ConversionUnitId IN (SELECT
        id
      FROM JSON_TABLE (p_ConversionUnitIds, '$[*]'
      COLUMNS (id char(36) PATH '$')) AS Json_ConversionUnitIds);
END
$$

DELIMITER ;

--
-- Create view `view_conversionunit`
--
CREATE
DEFINER = 'root'@'localhost'
VIEW view_conversionunit
AS
SELECT
  `c`.`ConversionUnitId` AS `ConversionUnitId`,
  `c`.`MaterialId` AS `MaterialId`,
  `c`.`DestinationUnitId` AS `DestinationUnitId`,
  `u`.`UnitName` AS `DestinationUnitName`,
  `c`.`Rate` AS `Rate`,
  `c`.`Operator` AS `Operator`,
  `c`.`RowIndex` AS `RowIndex`
FROM (`conversionunit` `c`
  LEFT JOIN `unit` `u`
    ON ((`c`.`DestinationUnitId` = `u`.`UnitId`)));

DELIMITER $$

--
-- Create procedure `Proc_ConversionUnit_GetMany`
--
CREATE PROCEDURE Proc_ConversionUnit_GetMany (IN p_ConversionUnitIds json)
SQL SECURITY INVOKER
COMMENT 'Lấy danh sách đơn vị chuyển đổi theo danh sách id - nlnhat (07/09/2023)'
BEGIN
  SELECT
    *
  FROM view_conversionunit vc
  WHERE vc.ConversionUnitId IN (SELECT
      id
    FROM JSON_TABLE (p_ConversionUnitIds, '$[*]'
    COLUMNS (id char(36) PATH '$')) AS Json_ConversionUnit);
END
$$

--
-- Create procedure `Proc_ConversionUnit_GetByMaterialId`
--
CREATE PROCEDURE Proc_ConversionUnit_GetByMaterialId (IN p_MaterialId char(36))
SQL SECURITY INVOKER
COMMENT 'Lấy tất cả đơn vị chuyển đổi theo id nguyên vật liệu - nlnhat (06/09/2023)'
BEGIN
  SELECT
    *
  FROM view_conversionunit vc
  WHERE vc.MaterialId = p_MaterialId;
END
$$

DELIMITER ;

--
-- Create view `view_material_conversionunit`
--
CREATE
DEFINER = 'root'@'localhost'
SQL SECURITY INVOKER
VIEW view_material_conversionunit
AS
SELECT
  `m`.`MaterialId` AS `MaterialId`,
  `m`.`MaterialCode` AS `MaterialCode`,
  `m`.`MaterialName` AS `MaterialName`,
  `m`.`UnitId` AS `UnitId`,
  `u`.`UnitName` AS `UnitName`,
  `m`.`WarehouseId` AS `WarehouseId`,
  `w`.`WarehouseCode` AS `WarehouseCode`,
  `w`.`WarehouseName` AS `WarehouseName`,
  `m`.`ExpiryTime` AS `ExpiryTime`,
  `m`.`TimeUnit` AS `TimeUnit`,
  `m`.`MinimumInventory` AS `MinimumInventory`,
  `m`.`Note` AS `Note`,
  `m`.`IsUnfollow` AS `IsUnfollow`,
  `m`.`CreatedBy` AS `CreatedBy`,
  `m`.`CreatedDate` AS `CreatedDate`,
  `m`.`ModifiedBy` AS `ModifiedBy`,
  `m`.`ModifiedDate` AS `ModifiedDate`,
  `vc`.`ConversionUnitId` AS `ConversionUnitId`,
  `vc`.`DestinationUnitId` AS `DestinationUnitId`,
  `vc`.`DestinationUnitName` AS `DestinationUnitName`,
  `vc`.`Rate` AS `Rate`,
  `vc`.`Operator` AS `Operator`,
  `vc`.`RowIndex` AS `Index`
FROM (((`material` `m`
  LEFT JOIN `unit` `u`
    ON ((`m`.`UnitId` = `u`.`UnitId`)))
  LEFT JOIN `warehouse` `w`
    ON ((`m`.`WarehouseId` = `w`.`WarehouseId`)))
  LEFT JOIN `view_conversionunit` `vc`
    ON ((`m`.`MaterialId` = `vc`.`MaterialId`)));

--
-- Create table `materialaudit`
--
CREATE TABLE materialaudit (
  MaterialAuditId char(36) NOT NULL DEFAULT (UUID()) COMMENT 'Id khoá chính',
  MaterialId char(36) NOT NULL COMMENT 'Id nguyên vật liệu',
  EditMode int NOT NULL COMMENT 'Hành động (1: Thêm, 3: Xoá)',
  TimeStamp datetime NOT NULL COMMENT 'Thời gian thực hiện',
  PRIMARY KEY (MaterialAuditId)
)
ENGINE = INNODB,
AVG_ROW_LENGTH = 290,
CHARACTER SET utf8mb4,
COLLATE utf8mb4_0900_ai_ci,
COMMENT = 'Bảng theo dõi thêm, xoá nguyên vật liệu - nlnhat (09/09/2023)';

DELIMITER $$

--
-- Create procedure `Proc_MaterialAudit_InsertMany`
--
CREATE PROCEDURE Proc_MaterialAudit_InsertMany (IN p_MaterialAudits json)
SQL SECURITY INVOKER
COMMENT 'Tạo mới nhiều nhật ký nguyên vật liệu - nlnhat (16/08/2023)'
BEGIN
  INSERT INTO MaterialAudit (MaterialAuditId,
  MaterialId,
  EditMode,
  TimeStamp)
    SELECT
      jm.MaterialAuditId,
      jm.MaterialId,
      jm.EditMode,
      jm.TimeStamp
    FROM JSON_TABLE (p_MaterialAudits, '$[*]' COLUMNS (
    MaterialAuditId char(36) PATH '$.MaterialAuditId',
    MaterialId char(36) PATH '$.MaterialId',
    EditMode int PATH '$.EditMode',
    TimeStamp datetime PATH '$.TimeStamp'
    )) AS jm;
END
$$

--
-- Create procedure `Proc_MaterialAudit_Insert`
--
CREATE
DEFINER = 'root'@'localhost'
PROCEDURE Proc_MaterialAudit_Insert (IN p_MaterialAuditId char(36),
IN p_MaterialId char(36),
IN p_EditMode int,
IN p_TimeStamp datetime,
OUT p_MaterialAuditIdOut char(36))
COMMENT 'Thêm mới material audit - nlnhat (09/09/2023)'
BEGIN
  INSERT INTO materialaudit (MaterialAuditId,
  MaterialId,
  EditMode,
  TimeStamp)
    VALUES (p_MaterialAuditId, p_MaterialId, p_EditMode, p_TimeStamp);
  SELECT
    p_MaterialAuditId INTO p_MaterialAuditIdOut;
END
$$

--
-- Create procedure `Proc_MaterialAudit_CountByYear`
--
CREATE PROCEDURE Proc_MaterialAudit_CountByYear ()
SQL SECURITY INVOKER
COMMENT 'Đếm số lượng nguyên vật liệu thêm/xoá theo năm - nlnhat (08/09/2023)'
BEGIN
  SELECT
    YEAR(m.TimeStamp) AS Year,
    CAST(SUM(CASE WHEN m.EditMode = 1 THEN 1 ELSE 0 END) AS UNSIGNED) AS CreateCount,
    CAST(SUM(CASE WHEN m.EditMode = 3 THEN 1 ELSE 0 END) AS UNSIGNED) AS DeleteCount
  FROM materialaudit m
  GROUP BY Year
  ORDER BY Year;
END
$$

--
-- Create function `initials`
--
CREATE FUNCTION initials (str text, expr text)
RETURNS text CHARSET utf8mb3
SQL SECURITY INVOKER
NO SQL
BEGIN
  DECLARE result text DEFAULT '';
  DECLARE buffer text DEFAULT '';
  DECLARE i int DEFAULT 1;
  IF (str IS NULL) THEN
    RETURN NULL;
  END IF;
  SET buffer = TRIM(str);
  WHILE i <= LENGTH(buffer) DO
    IF SUBSTR(buffer, i, 1) REGEXP expr THEN
      SET result = CONCAT(result, SUBSTR(buffer, i, 1));
      SET i = i + 1;
      WHILE i <= LENGTH(buffer)
        AND SUBSTR(buffer, i, 1) REGEXP expr DO
        SET i = i + 1;
      END WHILE;
      WHILE i <= LENGTH(buffer)
        AND SUBSTR(buffer, i, 1) NOT REGEXP expr DO
        SET i = i + 1;
      END WHILE;
    ELSE
      SET i = i + 1;
    END IF;
  END WHILE;
  RETURN result;
END
$$

--
-- Create function `acronym`
--
CREATE FUNCTION acronym (str text)
RETURNS text CHARSET utf8mb3
SQL SECURITY INVOKER
NO SQL
BEGIN
  DECLARE result text DEFAULT '';
  SET result = initials(str, '[[:alnum:]]');
  RETURN result;
END
$$

--
-- Create procedure `Proc_Material_Get`
--
CREATE PROCEDURE Proc_Material_Get (IN p_MaterialId char(36))
SQL SECURITY INVOKER
COMMENT 'Lấy nguyên vật liệu theo id - nlnhat (16/08/2023)'
BEGIN
  SELECT
    vmc.*,
    ROW_NUMBER() OVER (
    ORDER BY vmc.Index) AS RowIndex
  FROM view_material_conversionunit vmc
  WHERE vmc.MaterialId = p_MaterialId;
END
$$

--
-- Create procedure `Proc_Material_Export`
--
CREATE PROCEDURE Proc_Material_Export (IN p_KeySearch varchar(255),
IN p_QuerySort varchar(10000),
IN p_QueryFilter varchar(10000))
SQL SECURITY INVOKER
COMMENT 'Lấy nguyên vật liệu để xuất file - nlnhat (28/08/2023)'
BEGIN
  IF (p_KeySearch IS NULL
    OR p_KeySearch = '') THEN
    SET @query = CONCAT(
    'SELECT * FROM View_Material_Conversionunit vmc
     WHERE 1=1 ', p_QueryFilter, ' ',
    p_QuerySort, ';');

    PREPARE proc FROM @query;
    EXECUTE proc;
  ELSE
    SET @query = CONCAT(
    'SELECT * FROM View_Material_Conversionunit vmc 
     WHERE ((vmc.MaterialCode LIKE "%', p_KeySearch, '%") 
        OR (vmc.MaterialName LIKE "%', p_KeySearch, '%") 
        OR (vmc.Note LIKE "%', p_KeySearch, '%")) ',
    p_QueryFilter, ' ',
    p_QuerySort, ';');

    PREPARE proc FROM @query;
    EXECUTE proc;
  END IF;

  DEALLOCATE PREPARE proc;
END
$$

DELIMITER ;

-- 
-- Dumping data for table warehouse
--
INSERT INTO warehouse VALUES
('148ed882-32b8-218e-9c20-39c2f00615e8', 'K47', 'Kho Kim Quan, Long Biên', '266 Phố Kim Quan, Long Biên', NULL, '2012-04-13 15:23:51', 'Võ Xuân Xanh', '2021-09-19 19:44:32'),
('1b691e79-236d-5b5a-9d20-39c2f00615e8', 'K90', 'Kho Đại La, Hai Bà Trưng', '251 Phố Đại Cồ Việt, Hai Bà Trưng', 'Đoàn Quế Thu', '2012-04-13 15:23:52', 'Hoàng Hoa Thiên', '2015-01-01 00:01:08'),
('25c6c36e-1668-7d10-6e09-bf1378b8dc91', 'K33', 'Kho Duy Tân, Cầu Giấy', '180 Phố Duy Tân,Cầu Giấy', 'Lê Bình Minh', '2011-06-04 19:58:22', 'Phan Anh Chi', '2020-09-08 15:18:56'),
('354f1b13-17bf-1b52-87d5-ba100c6f7bce', 'K02', 'Kho Chùa Bộc, Đống Đa', '5 Phố Chùa Bộc, Đống Đa', 'Lý Hiền Mai', '2012-09-29 12:59:52', NULL, NULL),
('36104b10-705b-57a8-83c0-08fd2f807219', 'K81', 'Kho Quan Hoa, Cầu Giấy', '71 Phố Nguyễn Chánh, Cầu Giấy', 'Đỗ Phi Phượng', '2010-01-26 06:27:42', 'Phạm Phượng Long', '2015-12-02 04:23:08'),
('3700cc49-55b5-69ea-4929-a2925c0f334d', 'K91', 'Kho Đại Mỗ, Nam Từ Liêm', '61 Phố Đại Mỗ, Nam Từ Liêm', 'Bùi Phượng Vy', '2013-04-06 08:58:47', 'Phan Bạch Vân', '2015-01-01 01:08:43'),
('37dd9bb0-4c53-4134-31de-23e177779933', 'K73', 'Kho Đồng Xuân, Hoàn Kiếm', '145 Phố Đại La, Hai Bà Trưng', 'Đoàn Quốc Bảo', '2012-04-13 15:23:53', 'Phạm Chí Anh', '2016-09-12 05:31:59'),
('3b86d2ed-446c-5fce-56be-406293204378', 'K58', 'Kho Hoàng Diệu, Ba Đình', '110 Phố Đồng Nhân, Hai Bà Trưng', 'Nguyễn Hữu Châu', '2010-07-14 04:03:42', 'Phạm Linh Trang', '2020-11-14 04:29:54'),
('6b03e50c-ce18-4b51-b485-5013adc53689', 'K15', 'Kho Vĩnh Hưng, Hoàng Mai', NULL, NULL, '2023-09-08 17:16:35', NULL, NULL),
('6b47b37f-3123-3ce7-14cf-9712082ff6cb', 'K96', 'Kho Lĩnh Nam, Hoàng Mai', NULL, 'Trần Như Mai', '2012-09-29 12:59:53', 'Phạm Duy Thạch', '2018-11-15 02:05:33');

-- 
-- Dumping data for table unit
--
INSERT INTO unit VALUES
('174b8763-2707-7cb1-3c71-153b37881afe', 'Cân', NULL, 'Vũ Thế Lâm', '2010-09-12 09:27:18', 'Bùi Hồng Tâm', '2021-11-16 23:16:53'),
('271a41be-5739-6088-3795-2c566fa88632', 'Con', NULL, 'Huỳnh Mạnh Tấn', '2014-01-28 09:03:35', 'Ngô Thiếu Anh', '2020-11-27 18:14:12'),
('2a3cacd6-1a30-6760-3769-9f77bda75690', 'Lít', NULL, 'Huỳnh Hoàng Cúc', NULL, 'Đoàn Nhân Nguyên', '2016-01-01 00:08:20'),
('2b47e604-a882-46b2-80ff-722d95ebc860', 'jkjkjkjkjkjk', NULL, NULL, '2023-09-14 02:28:35', NULL, NULL),
('2b5f15b9-17d9-57e8-1e4a-aea48a10ed18', 'Gói', NULL, 'Huỳnh Thảo Nhi', '2010-01-01 00:00:02', NULL, '2020-06-06 14:00:17'),
('3052c754-3516-667a-3980-3a2297d01534', 'Túi', NULL, 'Ngô Việt Cương', '2010-08-31 21:52:19', 'Vũ Việt Cương', '2016-01-01 00:00:01'),
('34bd2cef-5026-567c-3b71-153b37881afe', 'Lốc', NULL, NULL, '2010-01-01 00:10:26', 'Hồ ọng Việt', NULL),
('3c39055f-64c2-11b9-f7b4-c8af08a50cbf', 'Chiếc', NULL, 'Đặng uệ Lâm', '2012-10-16 08:11:15', 'Đỗ Bảo Long', '2016-11-07 20:15:41'),
('3c91bd67-6353-1edc-1f4a-aea48a10ed18', 'Thùng', NULL, 'Dương Bảo Lan', '2013-06-25 04:29:35', 'Phan Thế Doanh', '2016-01-01 00:00:06'),
('438598e2-2574-4fc8-2626-978952f080e4', 'Bộ', NULL, 'Vũ Hoàng Phát', '2013-01-17 10:37:15', 'Phạm Nhật Hồng', '2019-03-27 04:23:18'),
('43a6bdf5-1b6b-451b-3695-2c566fa88632', 'Lon', NULL, 'Nguyễn  Minh Hà', '2011-12-31 22:11:50', 'Đỗ Minh Hỷ', '2016-12-03 16:14:08'),
('48d04691-671b-2f98-de69-4afe230d73a5', 'Yến', NULL, 'Võ Ánh Hồng', '2011-01-30 12:03:15', 'Lê Ngọc Hà', '2016-01-01 00:16:08'),
('4b254cf0-39c0-4eef-8532-20f44bfbc210', 'Chục', NULL, NULL, '2023-08-27 14:32:05', NULL, NULL),
('4fddab77-56f1-4a46-96a5-5d4f1004d161', 'Bao', NULL, NULL, '2023-08-28 07:15:20', NULL, NULL),
('536f0d7b-6fd5-2bb9-52cb-b8d37b68af4d', 'Tạ', NULL, 'Dương Hương Liên', '2015-06-23 10:35:50', 'Hồ Minh Như', '2016-01-01 00:00:09'),
('64a59a25-2488-54b0-f6b4-c8af08a50cbf', 'Chai', NULL, 'Đặng Thiện Thanh', '2010-01-01 01:06:02', 'Ngô Trâm Oanh', '2016-01-01 00:00:15'),
('674934cc-42cf-20cf-1d4a-aea48a10ed18', 'Bịch', NULL, 'Lê Thu Ngân', '2010-01-01 00:00:38', 'Bùi Cát Linh', '2023-01-22 09:33:25'),
('6fcbca4a-7938-4339-51cb-b8d37b68af4d', 'Lô', NULL, 'Ngô Vân Thanh', '2011-11-20 23:54:05', 'Phạm Hoàng Khải', '2016-05-31 07:18:00'),
('7fc94edc-2827-7327-1f1e-21c6d80fbd76', 'Cái', NULL, 'Lý Trọng Hiếu', '2010-12-21 13:51:58', 'Đoàn Thùy Như', '2016-10-30 01:15:19'),
('8be2765f-be13-4cd3-abea-8bf57418ae50', 'Ký', 'Cân', NULL, '2023-08-27 14:30:46', NULL, NULL),
('8e4806b2-5a81-4b68-aa97-6f283282ab96', 'Lạng', NULL, 'Dương Hương Liên', '2015-06-23 10:35:50', NULL, NULL),
('9e7309f8-5def-4dc6-85d8-f73dfa318af0', 'lll', NULL, NULL, '2023-09-14 02:34:59', NULL, NULL),
('d9a9fc07-9118-41cf-a68f-1a2cbb7f4a3e', 'klklk', NULL, NULL, '2023-09-14 02:28:49', NULL, NULL);

-- 
-- Dumping data for table material
--
INSERT INTO material VALUES
('011ba412-13e0-4c1c-a983-e7fcf7682487', 'RV80', 'Rượu vang', '2a3cacd6-1a30-6760-3769-9f77bda75690', '3700cc49-55b5-69ea-4929-a2925c0f334d', 7, 2, 1399.00, 'Rượu vang', 0, NULL, '2023-08-24 04:08:36', NULL, '2023-08-25 08:34:18'),
('11a8748f-3464-740c-28c2-579daad24557', 'MT32', 'Măng tươi', '3052c754-3516-667a-3980-3a2297d01534', '3700cc49-55b5-69ea-4929-a2925c0f334d', 1, 2, 2.88, 'Măng tươi', 0, 'Huỳnh Mỹ Khuyên', '2015-10-28 01:57:12', NULL, '1970-01-01 00:08:32'),
('12693b29-274c-35ce-d11d-086412a8ea97', 'BCG09', 'Bột chiến giòn', '3052c754-3516-667a-3980-3a2297d01534', '6b47b37f-3123-3ce7-14cf-9712082ff6cb', 8, 2, 17.51, 'Bột chiến giòn', 0, 'Đỗ Thiên Trang', '2021-01-11 00:51:36', 'Huỳnh Quang Hữu', '2002-09-23 21:22:42'),
('13ede5b6-19dd-563e-1980-de64d090a2c2', 'BN15', 'Bột năng', '174b8763-2707-7cb1-3c71-153b37881afe', '354f1b13-17bf-1b52-87d5-ba100c6f7bce', 8, 0, 19.17, 'Bột năng', 0, 'Võ Hồ Diệp', '2023-05-31 03:24:38', 'Phan Bạch Trà', '1993-07-14 21:38:19'),
('16fb4adb-86f7-4de1-833b-5012885a85be', 'NL10', 'Nước lọc', '43a6bdf5-1b6b-451b-3695-2c566fa88632', '36104b10-705b-57a8-83c0-08fd2f807219', NULL, 1, NULL, 'Gà', 0, NULL, '2023-08-29 18:06:14', NULL, '2023-09-12 08:22:14'),
('1791d850-e2e1-4312-82e4-c6ead685693b', 'GT96', 'Gà ta', '2b5f15b9-17d9-57e8-1e4a-aea48a10ed18', '3700cc49-55b5-69ea-4929-a2925c0f334d', NULL, 1, NULL, NULL, 0, NULL, '2023-08-28 21:06:14', NULL, '2023-08-29 06:58:58'),
('18baaac1-2b18-2317-b9d2-89b22d10517e', 'TH84', 'Tôm hùm', '3c39055f-64c2-11b9-f7b4-c8af08a50cbf', '3700cc49-55b5-69ea-4929-a2925c0f334d', 6, 0, 14.35, 'Tôm hùm', 0, 'Phan rúc Quân', '2015-12-13 11:48:46', 'Trần Bảo Huy', '1970-05-25 07:46:57'),
('197fda97-5a35-781d-0e77-d9ebc53aac3d', 'GT08', 'Gà ta', '2b5f15b9-17d9-57e8-1e4a-aea48a10ed18', '3700cc49-55b5-69ea-4929-a2925c0f334d', NULL, 1, NULL, NULL, 0, 'Phạm Huyền Trân', '2023-04-18 07:29:44', 'Phan Tú Ly', '2023-09-09 12:04:16'),
('1e5e96fa-5d7a-599d-27c2-579daad24557', 'HS14', 'Hàu sữa', '2b5f15b9-17d9-57e8-1e4a-aea48a10ed18', '3700cc49-55b5-69ea-4929-a2925c0f334d', NULL, NULL, 16.52, 'Hàu sữa', 0, 'Vũ Phước Nguyên', '2020-09-29 19:46:02', 'Vũ Bình Yên', '1970-01-01 00:08:53'),
('1f85f165-3ed3-370a-b7d2-89b22d10517e', 'HN56', 'Hạt nêm', '3c39055f-64c2-11b9-f7b4-c8af08a50cbf', '37dd9bb0-4c53-4134-31de-23e177779933', 3, 2, 19.91, 'Hạt nêm', 0, 'Đặng Xuân Hương', '2021-05-27 08:10:57', 'Vũ Chiến Thắng', '2001-07-24 07:31:38'),
('2356a2d8-7751-6f97-66f6-423b4e874d0f', 'HN48', 'Hạt nêm', '7fc94edc-2827-7327-1f1e-21c6d80fbd76', '3b86d2ed-446c-5fce-56be-406293204378', 9, 2, 18.42, 'Hạt nêm', 0, 'Ngô Phương Trinh', '2018-11-09 15:47:53', NULL, '1970-01-01 02:03:38'),
('28cd1599-63bf-785f-4f80-7ed9d1ea06ea', 'DO53', 'Dầu olive', '2a3cacd6-1a30-6760-3769-9f77bda75690', '354f1b13-17bf-1b52-87d5-ba100c6f7bce', 3, 2, 14.31, 'Dầu olive', 0, NULL, '2019-03-10 16:37:24', 'Ngô Ngọc Quang', '2013-11-21 12:39:02'),
('2a56dc25-29a3-47be-a5d2-fa6e76f3ba75', 'DP1', 'Đậu phụ', '674934cc-42cf-20cf-1d4a-aea48a10ed18', '25c6c36e-1668-7d10-6e09-bf1378b8dc91', 1, 1, 15.45, NULL, 0, NULL, '2023-09-09 18:18:39', NULL, NULL),
('2afb2146-430d-394b-3d35-0028ed526dd0', 'CH06', 'Cá hồi', '64a59a25-2488-54b0-f6b4-c8af08a50cbf', '36104b10-705b-57a8-83c0-08fd2f807219', 6, 1, 12.94, 'Cá hồi', 0, 'Đỗ iển Sinh', '2015-01-01 00:00:05', 'Đoàn Thanh Vũ', NULL),
('2f43fc9d-1f7a-25fc-5280-7ed9d1ea06ea', 'MT38', 'Măng tươi', '3c91bd67-6353-1edc-1f4a-aea48a10ed18', '3700cc49-55b5-69ea-4929-a2925c0f334d', 5, 0, 5.81, 'Măng tươi', 0, 'Huỳnh Thịnh Cường', '2015-01-01 01:27:30', 'Phạm Bạch Tuyết', '1970-01-01 02:04:26'),
('3304dddb-1b72-607f-25c2-579daad24557', 'TH43', 'Tôm hùm', '34bd2cef-5026-567c-3b71-153b37881afe', '1b691e79-236d-5b5a-9d20-39c2f00615e8', 7, 0, 3.56, 'Tôm hùm', 0, 'Huỳnh Hướng Dương', '2021-08-15 20:42:40', 'Bùi Kim Thủy', '1983-08-19 08:14:09'),
('35c3a053-254d-33f3-1b80-de64d090a2c2', 'ST68', 'Sữa tươi', '674934cc-42cf-20cf-1d4a-aea48a10ed18', '354f1b13-17bf-1b52-87d5-ba100c6f7bce', 3, 0, 5.37, NULL, 0, 'Lê uệ Mẫn', '2023-04-05 08:36:01', 'Dương Chiêu Phong', '2023-09-14 02:04:08'),
('36ac2df8-2b1e-368f-cc1d-086412a8ea97', 'BP28', 'Bánh phở', '48d04691-671b-2f98-de69-4afe230d73a5', '25c6c36e-1668-7d10-6e09-bf1378b8dc91', 10, 0, 16.02, 'Bánh phở', 0, 'Trần Tấn Tài', '2020-12-20 13:02:40', NULL, '1970-01-01 00:04:54'),
('3738ce93-1661-5628-2cc2-579daad24557', 'GT36', 'Gạo tấm', '7fc94edc-2827-7327-1f1e-21c6d80fbd76', '25c6c36e-1668-7d10-6e09-bf1378b8dc91', 1, 0, NULL, 'Gạo tấm', 0, 'Huỳnh ọng Dũng', '2020-10-16 19:13:33', 'Đặng í Hùng', NULL),
('38dc9071-2365-4e3d-8677-540f915a8374', 'L6', 'L''œuf', '4b254cf0-39c0-4eef-8532-20f44bfbc210', '25c6c36e-1668-7d10-6e09-bf1378b8dc91', 1, 1, 1200.00, 'Trứng', 0, NULL, '2023-08-31 06:25:48', NULL, NULL),
('3e51a46c-4153-229c-7f41-c1ec321fe728', 'CB62', 'Cua biển', '7fc94edc-2827-7327-1f1e-21c6d80fbd76', '36104b10-705b-57a8-83c0-08fd2f807219', 3, 0, 9.82, 'Cua biển', 1, 'Hồ Tân Thành', '2015-01-01 00:00:03', 'Đoàn Kiên Bình', NULL),
('3efaed8d-5563-4f7d-9eeb-574dc0b7b7a2', 'L3', 'L''eau', '64a59a25-2488-54b0-f6b4-c8af08a50cbf', '25c6c36e-1668-7d10-6e09-bf1378b8dc91', 1, 2, 2000.00, 'Nước', 0, NULL, '2023-08-31 07:14:09', NULL, '2023-09-07 04:04:49'),
('3fed64ec-2f94-798f-0335-60b3ebf808a9', 'NTL55', 'Nước tăng lực', '3c39055f-64c2-11b9-f7b4-c8af08a50cbf', '3b86d2ed-446c-5fce-56be-406293204378', 3, 0, 10.19, 'Nước tăng lực', 0, 'Trần Mộng Hoàn', '2015-01-01 00:00:56', 'Ngô Bảo Hà', '2020-12-19 02:39:39'),
('407db4d1-222b-287d-0135-60b3ebf808a9', 'BN39', 'Bột ngọt', '6fcbca4a-7938-4339-51cb-b8d37b68af4d', '148ed882-32b8-218e-9c20-39c2f00615e8', NULL, 1, 0.77, 'Bột ngọt', 0, 'Phạm Thái Lan', '2018-12-14 01:51:52', 'Ngô Phi Long', '2023-08-25 02:50:08'),
('409dcd1a-426a-23f7-3a35-0028ed526dd0', 'DO41', 'Dầu olive', '3052c754-3516-667a-3980-3a2297d01534', '3b86d2ed-446c-5fce-56be-406293204378', 3, 0, 12.81, 'Dầu olive', 0, NULL, '2015-01-01 00:00:10', 'Hồ Cẩm Nhi', '1993-01-31 02:51:58'),
('481183cb-5a6c-795b-68f6-423b4e874d0f', 'HK74', 'Hành khô', '43a6bdf5-1b6b-451b-3695-2c566fa88632', '148ed882-32b8-218e-9c20-39c2f00615e8', 7, 0, NULL, 'Hành khô', 0, 'Lý Ân Thiện', '2015-01-01 00:00:09', 'Phan Hương Trà', '1987-12-22 03:38:48'),
('48eb9fbb-b995-41d1-b34c-2d9d2db085e9', 'L2', 'L''eau', '64a59a25-2488-54b0-f6b4-c8af08a50cbf', '25c6c36e-1668-7d10-6e09-bf1378b8dc91', 1, 2, 2000.00, 'Nước', 0, NULL, '2023-08-31 07:14:09', NULL, '2023-09-10 03:54:14'),
('4975910a-7c89-4402-bbca-42d8333c4af1', 'L5', 'L''eau', '64a59a25-2488-54b0-f6b4-c8af08a50cbf', '25c6c36e-1668-7d10-6e09-bf1378b8dc91', 1, 2, 2000.00, 'Nước', 0, NULL, '2023-08-31 07:14:09', NULL, NULL),
('4989ff24-23e7-7b82-b6d2-89b22d10517e', 'GT95', 'Gạo tấm', '48d04691-671b-2f98-de69-4afe230d73a5', '354f1b13-17bf-1b52-87d5-ba100c6f7bce', 8, 0, 5.58, 'Gạo tấm', 0, 'Trần Thụy Nương', '2015-01-01 00:08:44', 'Võ ông Hà', '2017-10-14 21:27:18'),
('4db9a514-6d87-2ec1-3b35-0028ed526dd0', 'HS44', 'Hàu sữa', '174b8763-2707-7cb1-3c71-153b37881afe', '3b86d2ed-446c-5fce-56be-406293204378', 4, 1, 3.79, 'Hàu sữa', 0, 'Phạm Liên Trân', '2015-12-19 06:02:45', 'Vũ Minh Khuê', '1985-08-04 05:16:59'),
('506acf1e-5331-67a9-0d77-d9ebc53aac3d', 'TK69', 'Tép khô', '64a59a25-2488-54b0-f6b4-c8af08a50cbf', '37dd9bb0-4c53-4134-31de-23e177779933', 5, 1, 7.46, 'Tép khô', 0, 'Đỗ Kim Mai', '2021-11-08 09:36:15', 'Trần Thành Doanh', '1970-08-31 07:28:46'),
('524751f2-1577-523d-ce1d-086412a8ea97', 'BH73', 'Bia hơi', '2b5f15b9-17d9-57e8-1e4a-aea48a10ed18', '1b691e79-236d-5b5a-9d20-39c2f00615e8', 4, 1, 0.66, 'Bia hơi', 0, 'Nguyễn  Thu Phong', '2015-07-17 00:42:56', 'Trần Thành Khiêm', '1982-01-19 18:48:39'),
('5254e49d-4368-3162-29c2-579daad24557', 'NTL42', 'Nước tăng lực', '7fc94edc-2827-7327-1f1e-21c6d80fbd76', '36104b10-705b-57a8-83c0-08fd2f807219', 3, 0, 8.16, 'Nước tăng lực', 0, NULL, '2015-01-01 00:00:45', 'Phạm Việt Khôi', '1995-03-06 18:46:51'),
('56aaf263-3355-23ea-b8d2-89b22d10517e', 'TB04', 'Thịt bò', '536f0d7b-6fd5-2bb9-52cb-b8d37b68af4d', '3700cc49-55b5-69ea-4929-a2925c0f334d', 0, 2, 4.81, 'Thịt bò', 1, 'Hồ Ðức Bảo', '2015-01-01 00:00:03', 'Huỳnh Minh Minh', '2023-09-06 09:35:32'),
('56dce332-76f0-6b9b-5080-7ed9d1ea06ea', 'HN85', 'Hạt nêm', '3c91bd67-6353-1edc-1f4a-aea48a10ed18', '3b86d2ed-446c-5fce-56be-406293204378', 1, 2, 9.94, 'Hạt nêm', 0, 'Huỳnh Thái Duy', '2017-02-02 13:01:30', 'Hoàng Việt Khoa', '1977-02-05 06:44:49'),
('57cdf8c4-47e3-5560-7e41-c1ec321fe728', 'RV79', 'Rượu vang', '2a3cacd6-1a30-6760-3769-9f77bda75690', '3700cc49-55b5-69ea-4929-a2925c0f334d', 7, 2, 13.99, 'Rượu vang', 0, 'Bùi Thế Năng', '2022-10-18 13:20:17', 'Lê Hải Nhi', '2023-09-09 12:05:46'),
('595e7d51-318c-39e8-1377-d9ebc53aac3d', 'TG96', 'Trứng gà', '7fc94edc-2827-7327-1f1e-21c6d80fbd76', '148ed882-32b8-218e-9c20-39c2f00615e8', 2, 1, NULL, 'Trứng gà', 0, 'Bùi Thanh Thủy', '2021-12-04 14:50:13', 'Hồ Kim Tuyền', NULL),
('59821b8d-9584-45e2-8fc8-c39b16a3bb48', 'TH85', 'Tôm hùm', '3c39055f-64c2-11b9-f7b4-c8af08a50cbf', '1b691e79-236d-5b5a-9d20-39c2f00615e8', 10, 0, 3.51, NULL, 0, 'Lý Bảo Châu', '2015-01-01 00:00:04', NULL, NULL),
('5a841b92-791c-78df-5180-7ed9d1ea06ea', 'TL18', 'Thịt lợn', '34bd2cef-5026-567c-3b71-153b37881afe', '1b691e79-236d-5b5a-9d20-39c2f00615e8', 6, 0, 18.08, 'Thịt lợn', 0, 'Hồ Quang Ðạt', '2016-02-17 05:22:13', 'Dương Thụy Linh', '1974-06-04 08:13:21'),
('5c7f0ec4-77f2-3794-cf1d-086412a8ea97', 'CB35', 'Cua biển', '3c91bd67-6353-1edc-1f4a-aea48a10ed18', '354f1b13-17bf-1b52-87d5-ba100c6f7bce', 9, 2, 8.33, NULL, 1, 'Lê hanh Hiền', '2018-05-10 17:42:44', 'Ngô Minh Khuê', '2008-10-14 22:17:30'),
('5de704c2-573f-1a71-1a80-de64d090a2c2', 'MT91', 'Măng tươi', '3c39055f-64c2-11b9-f7b4-c8af08a50cbf', '1b691e79-236d-5b5a-9d20-39c2f00615e8', 0, 2, 1.45, 'Măng tươi', 0, 'Nguyễn  Xuân Hiền', '2022-04-21 16:16:16', 'Hoàng Hùng Anh', '2023-09-09 14:25:16'),
('5f03d745-7702-1c85-2bc2-579daad24557', 'BH25', 'Bia hơi', '438598e2-2574-4fc8-2626-978952f080e4', '3700cc49-55b5-69ea-4929-a2925c0f334d', 4, 1, NULL, 'Bia hơi', 0, 'Hồ ân Anh', '2015-01-01 00:01:20', 'Lý Giao Hưởng', '1998-10-03 19:41:08'),
('5fab4ff7-1b8e-64d0-1880-de64d090a2c2', 'MT63', 'Măng tươi', '2b5f15b9-17d9-57e8-1e4a-aea48a10ed18', '36104b10-705b-57a8-83c0-08fd2f807219', 2, 0, 5.88, 'Măng tươi', 0, 'Đặng Kiến Văn', '2015-01-01 01:45:15', 'Đặng Diệu Hồng', '2023-02-28 20:14:33'),
('62563348-7bd5-6519-3c35-0028ed526dd0', 'SC71', 'Sữa chua', '2a3cacd6-1a30-6760-3769-9f77bda75690', '148ed882-32b8-218e-9c20-39c2f00615e8', 1, 1, 1.65, 'Sữa chua', 0, 'Võ Thu Hiền', '2015-01-01 00:01:12', 'Phạm Khánh Minh', '1970-01-01 01:37:34'),
('62af2231-78a7-7caa-cd1d-086412a8ea97', 'BN94', 'Bột ngọt', '536f0d7b-6fd5-2bb9-52cb-b8d37b68af4d', '25c6c36e-1668-7d10-6e09-bf1378b8dc91', 4, 2, 13.33, 'Bột ngọt', 1, 'Đinh Hải Dương', '2020-08-14 18:10:48', NULL, '1970-01-01 00:00:06'),
('6485b64f-7835-65a4-8041-c1ec321fe728', 'BM10', 'Bột mỳ', '43a6bdf5-1b6b-451b-3695-2c566fa88632', '6b47b37f-3123-3ce7-14cf-9712082ff6cb', 3, 2, 0.80, 'Bột mỳ', 0, 'Đinh Lương Tuyền', '2015-01-01 00:06:03', 'Bùi Bạch Tuyết', '1975-02-12 14:19:24'),
('677132b4-2a33-68d1-26c2-579daad24557', 'HK51', 'Hành khô', '536f0d7b-6fd5-2bb9-52cb-b8d37b68af4d', '148ed882-32b8-218e-9c20-39c2f00615e8', NULL, NULL, 8.49, 'Hành khô', 0, 'Đinh Xuân Hiền', '2017-08-27 01:24:12', 'Hoàng Khả Tú', '2001-11-17 20:50:01'),
('6a763a51-4322-5c5a-b5d2-89b22d10517e', 'BP57', 'Bánh phở', '6fcbca4a-7938-4339-51cb-b8d37b68af4d', '1b691e79-236d-5b5a-9d20-39c2f00615e8', 5, 0, 14.93, 'Bánh phở', 0, 'Đinh Kiều Trinh', '2016-06-24 11:59:31', 'Lý uyết Nhi', '1970-01-01 02:05:18'),
('6b550b8f-7ff9-51bc-0f77-d9ebc53aac3d', 'TH21', 'Tôm hùm', '43a6bdf5-1b6b-451b-3695-2c566fa88632', '6b47b37f-3123-3ce7-14cf-9712082ff6cb', NULL, NULL, 5.03, NULL, 0, 'Huỳnh Vân Trinh', '2020-06-16 07:54:55', 'Đoàn ung Chính', '1985-05-31 01:44:57'),
('6c5b9fe7-14c9-3bb5-b4d2-89b22d10517e', 'TL34', 'Thịt lợn', '64a59a25-2488-54b0-f6b4-c8af08a50cbf', '6b47b37f-3123-3ce7-14cf-9712082ff6cb', 0, 0, 4.75, 'Thịt lợn', 1, 'Bùi Nhật Thịnh', '2017-12-10 14:12:37', 'Đặng Khắc Trọng', NULL),
('6c80a684-1cb5-41af-ff34-60b3ebf808a9', 'NTL13', 'Nước tăng lực', '48d04691-671b-2f98-de69-4afe230d73a5', '3b86d2ed-446c-5fce-56be-406293204378', NULL, NULL, 3.01, 'Nước tăng lực', 0, 'Phạm Vân Hà', '2022-11-23 03:09:37', 'Vũ Hồng Nga', '2023-08-25 02:47:34'),
('6f51ea57-13b2-139f-1177-d9ebc53aac3d', 'TK07', 'Tép khô', '3c91bd67-6353-1edc-1f4a-aea48a10ed18', '354f1b13-17bf-1b52-87d5-ba100c6f7bce', 4, 0, 9.86, 'Tép khô', 0, 'Bùi Ðoan Thanh', '2015-12-28 16:09:26', 'Nguyễn  Quang Ninh', '1987-09-28 17:53:42'),
('73dc79e1-1ccb-35a6-0235-60b3ebf808a9', 'CB20', 'Cua biển', '2a3cacd6-1a30-6760-3769-9f77bda75690', '6b47b37f-3123-3ce7-14cf-9712082ff6cb', 9, 0, 9.98, 'Cua biển', 0, NULL, '2018-08-22 02:11:34', 'Hồ Thanh Trung', '1982-12-24 10:22:08'),
('7ad34860-1ac8-7ad7-d01d-086412a8ea97', 'BN26', 'Bột ngọt', '48d04691-671b-2f98-de69-4afe230d73a5', '25c6c36e-1668-7d10-6e09-bf1378b8dc91', 3, 1, 16.89, 'Bột ngọt', 0, 'Võ Nguyên Ðan', '2017-07-14 03:22:30', 'Đặng Kim Hoàng', '1970-01-01 00:00:04'),
('7b666cc3-1b67-6037-67f6-423b4e874d0f', 'TX59', 'Trà xanh', '7fc94edc-2827-7327-1f1e-21c6d80fbd76', '1b691e79-236d-5b5a-9d20-39c2f00615e8', 1, 0, 3.23, 'Trà xanh', 0, 'Hồ Phương Lan', '2017-01-08 07:25:38', 'Đỗ Vân Trinh', '2000-06-12 07:15:49'),
('7bd9cf39-3f55-3a7b-0035-60b3ebf808a9', 'HK05', 'Hành khô', '48d04691-671b-2f98-de69-4afe230d73a5', '354f1b13-17bf-1b52-87d5-ba100c6f7bce', 9, 1, 3.53, 'Hành khô', 0, 'Bùi Việt Dương', '2022-04-25 22:11:55', NULL, '2023-08-25 01:37:02'),
('7f77b2f7-1297-4c25-a770-8fc70ec4f331', 'DP2', 'Đậu phụ', '674934cc-42cf-20cf-1d4a-aea48a10ed18', '25c6c36e-1668-7d10-6e09-bf1378b8dc91', 1, 1, 15.45, NULL, 0, NULL, '2023-09-09 18:18:39', NULL, NULL),
('8faced4f-1a76-4684-a3c3-d3673142a750', 'TK70', 'Tép khô', '64a59a25-2488-54b0-f6b4-c8af08a50cbf', '37dd9bb0-4c53-4134-31de-23e177779933', 5, 1, 746.00, 'Tép khô', 1, NULL, '2015-05-21 00:00:00', NULL, '2023-09-06 09:35:42'),
('949fe669-47f4-4dc1-b8b0-4e18cf8a6019', 'HN86', 'Hạt nêm', '3c39055f-64c2-11b9-f7b4-c8af08a50cbf', '37dd9bb0-4c53-4134-31de-23e177779933', 3, 2, 1991.00, 'Hạt nêm', 0, 'Đặng Xuân Hương', '2021-05-27 15:10:57', NULL, NULL),
('a1f218ac-c505-4c05-b7a4-17d367ace0d2', 'NL11', 'Nước lọc', '43a6bdf5-1b6b-451b-3695-2c566fa88632', '36104b10-705b-57a8-83c0-08fd2f807219', NULL, 1, NULL, 'Gà', 0, NULL, '2023-08-29 18:06:14', NULL, NULL),
('b12bb875-4afd-4cc0-9959-1a55482db192', 'BN95', 'Bột năng', '174b8763-2707-7cb1-3c71-153b37881afe', '354f1b13-17bf-1b52-87d5-ba100c6f7bce', 8, 0, 1917.00, 'Bột năng', 1, NULL, '2015-06-05 00:00:00', NULL, '2023-09-06 09:35:48'),
('b6c3d358-333d-4666-a367-396b10f61d4d', 'DP3', 'Đậu phụ', '674934cc-42cf-20cf-1d4a-aea48a10ed18', '25c6c36e-1668-7d10-6e09-bf1378b8dc91', 1, 1, 15.45, NULL, 0, NULL, '2023-09-09 18:18:39', NULL, NULL),
('b6d2420d-8944-4a2c-940a-dd1089491ad3', 'BCG100', 'Bột chiến giòn', '3052c754-3516-667a-3980-3a2297d01534', '6b47b37f-3123-3ce7-14cf-9712082ff6cb', 8, 2, 1751.00, 'Bột chiến giòn', 0, NULL, '2023-08-27 10:05:07', NULL, '2023-09-08 17:40:03'),
('bd96e45d-a55d-427c-82f5-7537fc7b345b', 'L1', 'L''œuf', '4b254cf0-39c0-4eef-8532-20f44bfbc210', '25c6c36e-1668-7d10-6e09-bf1378b8dc91', 1, 1, 1200.00, 'Trứng', 0, NULL, '2023-08-31 06:25:48', NULL, '2023-09-14 04:23:22'),
('c476f7c7-a0e4-4b75-b8b5-ec54fe62ce4a', 'GT102', 'Gà tây', '2b5f15b9-17d9-57e8-1e4a-aea48a10ed18', '3700cc49-55b5-69ea-4929-a2925c0f334d', NULL, 1, NULL, 'Gà', 0, NULL, '2023-08-29 18:06:14', NULL, '2023-09-14 02:35:27'),
('f4ba556f-4c45-453a-bc6d-0c403f72ef24', 'L4', 'L''eau', '64a59a25-2488-54b0-f6b4-c8af08a50cbf', '25c6c36e-1668-7d10-6e09-bf1378b8dc91', 1, 2, 2000.00, 'Nước', 0, NULL, '2023-08-31 07:14:09', NULL, NULL);

-- 
-- Dumping data for table materialaudit
--
INSERT INTO materialaudit VALUES
('00e558e8-a45a-45df-bdd2-c912a95b7cde', '769a0930-031d-4693-b742-7b184e5969dd', 1, '2023-09-13 17:27:15'),
('06458410-2ce3-405b-9538-54dae4c4a987', 'a1f218ac-c505-4c05-b7a4-17d367ace0d2', 1, '2023-09-14 02:52:33'),
('0836565d-d45c-4d47-95b4-85c0c62cc089', '0a1441a6-1dec-4f70-ae3f-41ced02f66d1', 3, '2023-09-14 01:42:24'),
('0fb3a212-fba9-439f-8f7f-4e9016c023a5', '820323f7-3c32-4d1e-938c-46353b136adb', 1, '2023-09-13 17:57:20'),
('11ce5d2d-260e-11cb-4595-2c566fa88632', '52cb09d2-5c3f-3997-37a8-6d513e380bde', 1, '2018-10-25 03:31:48'),
('122a77f9-5685-12de-4080-3a2297d01534', '1908f9ed-3389-3741-20e6-e5912e63173c', 1, '2018-04-14 22:09:01'),
('128c9c31-1636-6547-e269-4afe230d73a5', '414c926e-268a-5584-1ee6-e5912e63173c', 1, '2015-01-01 00:15:03'),
('13145f26-13f8-7f78-3e80-3a2297d01534', '14ecc5d1-3a40-1db1-bc63-f389a2b8a695', 3, '2015-01-01 00:13:46'),
('14ef577d-d5a0-408b-ae4f-39a5916af902', '4c4f9207-a909-4b25-ba01-3c2e44df6e2b', 3, '2023-09-13 18:15:16'),
('153ab8dd-24df-3392-e569-4afe230d73a5', '1b1bd525-7d29-30cb-a918-75d8bd200d7c', 3, '2017-07-09 08:42:06'),
('15759af0-326b-7ba8-261e-21c6d80fbd76', '24c01ffb-5783-7386-23ef-dead9398fc25', 1, '2015-01-01 00:08:14'),
('15b74345-3676-3005-feb4-c8af08a50cbf', '700d0179-597a-6f4d-c263-f389a2b8a695', 1, '2022-03-12 19:13:38'),
('16901daa-2657-688d-274a-aea48a10ed18', '56d093e5-21a8-1703-09a4-60fcae00630c', 1, '2019-08-20 10:42:28'),
('16fc94ab-327e-4d3a-3995-2c566fa88632', '536fb797-4470-4d28-1b8f-6354f958f4c0', 1, '2015-02-14 20:19:14'),
('17094ad4-2727-3253-06b5-c8af08a50cbf', '2be31c5a-11eb-2207-1044-e5a214c15aa7', 1, '2015-01-01 01:48:42'),
('174b8763-2707-7cb1-3c71-153b37881afe', '75cce5a6-4f7f-3671-3cf3-eb0223d0a4f7', 1, '2015-01-01 00:59:01'),
('17550e17-585d-701d-fdb4-c8af08a50cbf', '7018512b-6300-33e8-a818-75d8bd200d7c', 3, '2016-12-08 19:53:34'),
('176a9101-657e-3593-231e-21c6d80fbd76', '71dfdb5a-293c-3a77-3731-644313fbb055', 1, '2015-01-01 00:00:27'),
('17939b5b-596f-3d64-291e-21c6d80fbd76', '641a86cf-6d59-36d2-25e6-e5912e63173c', 1, '2015-03-21 17:04:18'),
('180dd722-49a7-2b93-fab4-c8af08a50cbf', '7f3d5b29-72d1-1dfb-43f3-eb0223d0a4f7', 1, '2018-08-21 19:01:35'),
('184db986-422c-14ce-03b5-c8af08a50cbf', '2d35182a-223a-7a55-c463-f389a2b8a695', 1, '2016-02-15 01:43:58'),
('188263d8-1426-370e-3869-9f77bda75690', '58e30e45-453c-4992-a118-75d8bd200d7c', 1, '2018-05-05 19:25:12'),
('1c7c724a-5119-2f8a-3326-978952f080e4', '51dc3ffe-7692-630f-38a8-6d513e380bde', 1, '2015-01-01 02:26:31'),
('1cbeaf2b-59af-1d1b-4180-3a2297d01534', '692d1d71-7e81-2de3-3b31-644313fbb055', 1, '2023-05-10 04:37:42'),
('1cd29b36-735e-4507-4395-2c566fa88632', '2cf7f545-2856-349f-1f8f-6354f958f4c0', 1, '2019-08-02 15:25:44'),
('1eb42cb0-2796-7c6b-4071-153b37881afe', '2a7d826c-2af7-57f4-a318-75d8bd200d7c', 1, '2017-07-18 19:18:42'),
('1ef50b1c-1203-7f02-3a80-3a2297d01534', '1b9a70e0-37b0-709b-a218-75d8bd200d7c', 1, '2021-05-17 10:07:39'),
('1f818a24-3e97-339a-3b69-9f77bda75690', '421eb5db-5249-2f70-bd63-f389a2b8a695', 1, '2015-03-14 08:44:49'),
('2070f208-22b7-41a5-3026-978952f080e4', '297bf60f-37be-1cc5-c363-f389a2b8a695', 1, '2015-04-16 18:57:44'),
('21994fa1-44ce-315f-e969-4afe230d73a5', '236108fe-569e-1362-0a44-e5a214c15aa7', 3, '2015-01-01 00:34:14'),
('21c27f0b-7ae1-177e-2b1e-21c6d80fbd76', '18088562-4f45-5ecc-3f31-644313fbb055', 3, '2018-06-12 10:12:44'),
('21ca0184-62c4-65e3-e869-4afe230d73a5', '5846906b-49cd-3c33-4bf3-eb0223d0a4f7', 3, '2015-01-01 00:01:02'),
('21deeb10-7abc-5f2d-4480-3a2297d01534', '1771e196-2af4-24d7-c663-f389a2b8a695', 1, '2023-06-09 11:24:34'),
('227a754a-2c7c-6ae1-4369-9f77bda75690', '3b06cd89-2c57-6e1d-26e6-e5912e63173c', 1, '2022-12-16 20:04:43'),
('228b85f5-52b1-2110-e069-4afe230d73a5', '23d88ddf-79e4-1a9a-1ce6-e5912e63173c', 1, '2015-01-01 00:00:50'),
('236283fa-1c9f-2733-221e-21c6d80fbd76', '14081713-656c-73fd-2ea8-6d513e380bde', 1, '2018-04-10 23:49:00'),
('23d3e425-72b1-1755-254a-aea48a10ed18', '3d011862-367a-2041-30a8-6d513e380bde', 1, '2020-05-04 15:34:32'),
('24127ab6-2b1b-4a63-3e69-9f77bda75690', '515156ad-2506-281e-4af3-eb0223d0a4f7', 1, '2015-01-01 00:15:39'),
('2457177b-5524-738c-3426-978952f080e4', '70a4126b-420d-16a7-26ef-dead9398fc25', 1, '2015-01-01 00:00:56'),
('2510011f-7734-4a66-3c69-9f77bda75690', '7f7474fe-5410-3e91-c063-f389a2b8a695', 3, '2015-01-01 00:07:54'),
('25cfd9a9-3a8a-2cc2-2a1e-21c6d80fbd76', '739a8ef8-6698-4085-4df3-eb0223d0a4f7', 1, '2018-08-06 10:27:31'),
('25d65c3f-4a6c-3a01-3c95-2c566fa88632', '47c60340-4fa0-4ff1-44f3-eb0223d0a4f7', 1, '2015-01-01 01:45:15'),
('261add8b-05d1-4b8b-85dc-65175ce79662', 'a91fe051-b63e-4d5e-bfd7-39c67bab851a', 1, '2023-09-13 18:15:34'),
('26e66448-44a8-39c1-e669-4afe230d73a5', '3f59f765-2dec-586b-208f-6354f958f4c0', 1, '2022-12-09 01:26:39'),
('271a41be-5739-6088-3795-2c566fa88632', '26fe1532-7e63-6a11-1a8f-6354f958f4c0', 1, '2018-12-17 07:17:37'),
('27b70735-6a1b-70dc-2d4a-aea48a10ed18', '2f18443b-40bf-76eb-4ef3-eb0223d0a4f7', 1, '2017-10-09 11:18:53'),
('285bb738-292a-40ac-e469-4afe230d73a5', '5d65299f-3aeb-7c2b-a718-75d8bd200d7c', 3, '2020-03-27 03:41:59'),
('28aa154f-6d8f-745b-f8b4-c8af08a50cbf', '41c9214e-14cd-5f4a-40f3-eb0223d0a4f7', 1, '2018-06-08 22:55:51'),
('28b94c6c-0b4c-4b57-8a10-adfea9d310a6', '42e74882-efc7-4bc9-8893-e4c80bdd23f0', 1, '2023-09-13 17:27:15'),
('29318abd-6a6c-7a98-ffb4-c8af08a50cbf', '474d338a-1458-3d93-218f-6354f958f4c0', 3, '2020-08-17 14:27:27'),
('2997b570-182c-1e2e-2c26-978952f080e4', '60cf4558-5def-4ea4-bf63-f389a2b8a695', 1, '2017-11-06 10:45:23'),
('2a3cacd6-1a30-6760-3769-9f77bda75690', '5546e2d7-52f4-7149-3df3-eb0223d0a4f7', 3, '2020-11-12 19:28:35'),
('2a4dcb61-3cde-2171-2a26-978952f080e4', '7d7aada2-4dc3-409d-20ef-dead9398fc25', 1, '2020-01-09 19:43:35'),
('2af78bcb-2bab-51c2-57cb-b8d37b68af4d', '2c8c45c1-3b27-3dd1-45f3-eb0223d0a4f7', 1, '2019-02-26 07:48:04'),
('2b547a38-6d93-7799-4571-153b37881afe', '185c558e-36e7-432d-35a8-6d513e380bde', 1, '2017-10-19 17:23:15'),
('2b5f15b9-17d9-57e8-1e4a-aea48a10ed18', '647a538e-630d-39cd-0144-e5a214c15aa7', 1, '2015-01-01 00:01:16'),
('2bd742e7-2f5a-3eae-241e-21c6d80fbd76', '6e2fedc9-5b66-7750-22ef-dead9398fc25', 3, '2015-08-07 08:41:23'),
('2cf45a23-4a27-72fb-3f95-2c566fa88632', '57772a91-47aa-321b-a518-75d8bd200d7c', 3, '2018-03-01 11:01:27'),
('2d855e62-d23b-4fd3-ba9d-bf75a7d79eee', '4975910a-7c89-4402-bbca-42d8333c4af1', 1, '2023-09-14 02:45:58'),
('2df9cd57-687f-480f-9c21-78134eedba7a', 'bc0fcc75-1613-46e6-b372-71d5d5af4578', 1, '2023-09-13 17:27:15'),
('3052c754-3516-667a-3980-3a2297d01534', '4b6b0258-4404-478f-18e6-e5912e63173c', 1, '2015-01-01 02:08:26'),
('32153575-21ac-6bf2-5ecb-b8d37b68af4d', '35a76fa1-5812-1486-0ea4-60fcae00630c', 1, '2016-01-20 00:16:42'),
('34a8c060-843d-47e5-96a4-4638e8103efe', '9ea190cd-7559-4c33-b645-2f0bae4da402', 1, '2023-09-13 17:31:51'),
('34bd2cef-5026-567c-3b71-153b37881afe', '7c4f14d8-66fb-14ae-198f-6354f958f4c0', 3, '2015-01-01 00:57:04'),
('350f3334-1811-4263-af48-b3a5814b4d18', '5e524ee4-1dfe-4354-b965-7101e68e8b16', 1, '2023-09-13 18:12:49'),
('3692cf55-532c-7ff8-05b5-c8af08a50cbf', '212c91f6-1eff-35f0-268f-6354f958f4c0', 1, '2022-05-19 16:20:58'),
('36c45179-1fc2-27b2-3b95-2c566fa88632', '35f1d742-2147-771e-2ca8-6d513e380bde', 1, '2018-04-03 12:51:27'),
('36eca2ff-234e-17df-04b5-c8af08a50cbf', '6d2e5892-32bf-312d-3d31-644313fbb055', 1, '2020-06-02 03:06:41'),
('3762edc1-6275-6d66-e769-4afe230d73a5', '3dbef13e-5355-5f11-0aa4-60fcae00630c', 1, '2021-05-15 17:50:13'),
('38d0c8d3-7e6b-7ced-4095-2c566fa88632', '7ea5fc68-254f-70c7-32a8-6d513e380bde', 1, '2015-01-01 00:13:22'),
('392dca08-8933-4a9e-bf4a-b9ed61be19f1', '562dce4d-13de-40f0-a87e-db7ea13ffd8a', 1, '2023-09-13 17:33:35'),
('3949c4d0-6919-2f6a-4069-9f77bda75690', '575077ee-676f-2308-24ef-dead9398fc25', 1, '2023-04-23 15:10:41'),
('3a687c3b-4d7d-2ad2-2c4a-aea48a10ed18', '7fa57b5a-54db-6550-ac18-75d8bd200d7c', 1, '2017-10-13 10:12:15'),
('3a8da253-7acf-2c70-2e26-978952f080e4', '7af80b68-5936-20ff-0944-e5a214c15aa7', 3, '2022-06-03 15:23:31'),
('3c0ea1ce-7cb6-4bf5-4671-153b37881afe', '332db880-711f-6edf-0ba4-60fcae00630c', 1, '2015-01-01 00:00:03'),
('3c39055f-64c2-11b9-f7b4-c8af08a50cbf', '156b34c2-7a74-2dc8-0244-e5a214c15aa7', 3, '2023-01-13 04:00:08'),
('3c91bd67-6353-1edc-1f4a-aea48a10ed18', '676a9ab6-33e3-4094-28a8-6d513e380bde', 1, '2018-02-15 21:11:34'),
('3cf1ead4-291e-575d-3b80-3a2297d01534', '2b66edd0-4caa-7475-3231-644313fbb055', 3, '2022-12-18 04:04:53'),
('3e1a01ba-4a49-2570-2d26-978952f080e4', '3cd62d2a-5991-17e5-3a31-644313fbb055', 1, '2019-07-25 08:04:29'),
('3ec88e47-61f4-6fb5-281e-21c6d80fbd76', '79edcd7a-3a3e-2be5-c563-f389a2b8a695', 1, '2017-07-25 15:09:57'),
('3ef40874-7653-5c65-2726-978952f080e4', '449f4a82-5124-2847-ba63-f389a2b8a695', 1, '2015-01-01 00:40:58'),
('406501b7-7932-293c-3e95-2c566fa88632', '621f3380-6f63-5ebe-21ef-dead9398fc25', 1, '2015-01-01 00:00:43'),
('41eda6ce-6226-1f89-02b5-c8af08a50cbf', '161474ab-14fe-7407-ab18-75d8bd200d7c', 1, '2015-01-01 00:00:06'),
('42784277-1650-434a-251e-21c6d80fbd76', '754c6d86-5c91-656e-aa18-75d8bd200d7c', 1, '2015-04-10 00:15:53'),
('42950a9c-2cfa-3933-4271-153b37881afe', '62cc333b-670c-3b55-c163-f389a2b8a695', 1, '2023-08-21 08:25:10'),
('42e76f39-5529-3e7f-e369-4afe230d73a5', '7f73ba28-4f7a-17dd-be63-f389a2b8a695', 3, '2021-07-15 08:18:52'),
('432b3d60-14be-4c6e-801f-9bbfd0c518ea', '9eade4b9-c5c5-4483-a686-d7c6aae452fe', 1, '2023-09-13 17:31:51'),
('438598e2-2574-4fc8-2626-978952f080e4', '35e773ea-5d44-2dda-26a8-6d513e380bde', 1, '2015-01-01 00:13:36'),
('43c28052-24df-5238-2a4a-aea48a10ed18', '13a5d0f0-4196-6022-3931-644313fbb055', 1, '2023-08-19 00:24:33'),
('44abb0e2-3a90-327f-4169-9f77bda75690', '24cfe79d-2cb2-2e69-0e44-e5a214c15aa7', 1, '2017-10-27 03:45:23'),
('44eaf230-462a-493b-3d80-3a2297d01534', '3811bf63-649c-727e-0444-e5a214c15aa7', 1, '2015-01-01 00:00:05'),
('44edba69-403e-3174-4171-153b37881afe', '7d0247a0-5912-7a4c-a618-75d8bd200d7c', 1, '2017-04-17 09:16:50'),
('4511c5e9-17d7-743e-2b4a-aea48a10ed18', '60c44cfd-5bb8-3739-0744-e5a214c15aa7', 1, '2015-01-01 00:00:41'),
('4569f996-12b0-64d5-54cb-b8d37b68af4d', '5f64f025-7fed-1903-41f3-eb0223d0a4f7', 1, '2018-05-08 21:42:04'),
('4797935a-3fc5-1bdf-4380-3a2297d01534', '2247b2aa-1a4d-52f7-258f-6354f958f4c0', 3, '2019-05-06 06:55:15'),
('48acea9c-2824-24f9-5dcb-b8d37b68af4d', '3594c64e-1c28-7244-25ef-dead9398fc25', 1, '2017-10-21 11:38:58'),
('48d04691-671b-2f98-de69-4afe230d73a5', '6f45e010-3200-5943-27a8-6d513e380bde', 1, '2017-12-14 09:54:36'),
('48ecd789-755b-3d53-3f71-153b37881afe', '626eea15-30d9-2ab0-07a4-60fcae00630c', 1, '2015-01-01 00:00:17'),
('492c33d2-2e7e-39f3-2926-978952f080e4', '7ac00af8-1c52-7464-3431-644313fbb055', 3, '2015-01-01 00:00:03'),
('4abe5367-730a-5742-59cb-b8d37b68af4d', '5f59ec63-3a6a-48d2-21e6-e5912e63173c', 1, '2018-04-25 12:12:36'),
('4b7e1819-5124-575e-4471-153b37881afe', '515ddd73-1de5-42f5-34a8-6d513e380bde', 1, '2022-07-27 21:35:58'),
('4c14b14c-7023-7881-2f26-978952f080e4', '5ffc7409-7d52-3725-22e6-e5912e63173c', 1, '2018-02-27 16:21:29'),
('4c977380-455d-69a3-ed69-4afe230d73a5', '1dc506ea-743c-5774-0ca4-60fcae00630c', 1, '2016-11-30 19:16:32'),
('4cad8606-32c9-3513-fbb4-c8af08a50cbf', '7e542908-6d61-1915-31a8-6d513e380bde', 1, '2015-01-01 00:08:01'),
('4cb51238-6eb7-5771-3f69-9f77bda75690', '1a82c6bb-1fa0-3203-238f-6354f958f4c0', 3, '2015-01-01 00:08:40'),
('4e151d72-5d95-270b-3226-978952f080e4', '5960b961-59ad-771d-ae18-75d8bd200d7c', 3, '2022-10-30 05:57:55'),
('4e5a688e-148d-6e8b-4580-3a2297d01534', '2193b3a1-1302-4432-0da4-60fcae00630c', 1, '2015-04-10 20:18:05'),
('4edaefbe-3a5b-7456-4771-153b37881afe', '22203ec2-3f68-1b9f-3e31-644313fbb055', 3, '2015-01-01 00:00:08'),
('4efb4721-715b-2d1c-264a-aea48a10ed18', '2b8a20fb-66c7-27e2-46f3-eb0223d0a4f7', 3, '2015-01-01 00:59:59'),
('4f80a67b-6f79-257f-271e-21c6d80fbd76', '4e5f8711-28e1-273c-36a8-6d513e380bde', 1, '2018-11-21 15:18:55'),
('5330491b-2e0d-76e5-294a-aea48a10ed18', '677aa3a9-53fe-67a6-33a8-6d513e380bde', 1, '2019-05-12 03:01:31'),
('534b8747-70b5-36a6-58cb-b8d37b68af4d', '268827df-4c46-5ddf-47f3-eb0223d0a4f7', 1, '2019-10-02 09:32:25'),
('536f0d7b-6fd5-2bb9-52cb-b8d37b68af4d', '3a9bddf8-45b5-74ca-3131-644313fbb055', 1, '2019-09-04 01:37:58'),
('53825d30-3188-380d-01b5-c8af08a50cbf', '6d466a3e-7f0c-5acc-228f-6354f958f4c0', 1, '2018-10-21 17:34:43'),
('5403b416-3959-63fb-ea69-4afe230d73a5', '7e854dc3-2a84-1b97-0b44-e5a214c15aa7', 3, '2018-05-12 00:45:28'),
('56493d64-a81f-4816-babf-ffb7902afd1f', '29753556-3ffd-4a15-9c9c-63e9ea76a009', 3, '2023-09-13 18:12:31'),
('56d46172-3bcf-46ce-8d69-a3f7f2c9ee96', '8991e57a-bcb0-4bf4-9698-7c0565fba596', 1, '2023-09-13 17:33:35'),
('598eb899-611e-226b-5acb-b8d37b68af4d', '2b755483-65bf-4ab8-24e6-e5912e63173c', 3, '2020-12-02 15:29:33'),
('59c4865b-1492-3701-4469-9f77bda75690', '1b6a6473-15ff-2055-af18-75d8bd200d7c', 1, '2015-01-01 00:06:17'),
('59c8e347-352c-11cc-4195-2c566fa88632', '1f8c6ac2-5d13-3ff7-48f3-eb0223d0a4f7', 1, '2015-01-01 00:00:02'),
('59d2ec76-7794-6092-284a-aea48a10ed18', '76036d53-4612-1781-1e8f-6354f958f4c0', 1, '2015-01-01 00:01:23'),
('59f36647-40aa-4f17-4495-2c566fa88632', '471aec77-2158-35a3-3c31-644313fbb055', 1, '2015-01-01 00:06:12'),
('5b6eb31d-a727-4c1b-abfc-9eb71a474aee', 'f8687aae-f4e9-4416-8a22-a0bc4923a409', 1, '2023-09-13 17:55:14'),
('5c9053fa-24e2-218e-e169-4afe230d73a5', '5f336dac-443b-59ca-0544-e5a214c15aa7', 3, '2015-01-01 00:00:04'),
('5e95cda4-3f52-314f-f9b4-c8af08a50cbf', '1fcd2033-2232-501a-42f3-eb0223d0a4f7', 3, '2022-08-21 10:48:41'),
('5ec345d1-7817-5558-ec69-4afe230d73a5', '50e00d5e-3347-1184-0d44-e5a214c15aa7', 1, '2017-12-27 14:10:27'),
('5fc77644-30f7-78aa-3d69-9f77bda75690', '66f1921f-76d9-446f-49f3-eb0223d0a4f7', 1, '2019-01-28 00:20:42'),
('60d94351-3f55-727a-5ccb-b8d37b68af4d', '6ddb4370-5424-7417-ad18-75d8bd200d7c', 1, '2022-11-22 18:52:13'),
('63605f9a-664d-1c51-fcb4-c8af08a50cbf', '3cdbcb70-6e7f-5d26-3831-644313fbb055', 1, '2016-08-12 00:38:27'),
('64a59a25-2488-54b0-f6b4-c8af08a50cbf', '3f8e6896-4c7d-15f5-a018-75d8bd200d7c', 1, '2023-07-06 18:01:47'),
('64a92470-6127-1432-211e-21c6d80fbd76', '5ed1c035-1e13-6de4-2da8-6d513e380bde', 3, '2020-05-21 21:51:19'),
('6558b3ce-3021-5467-4295-2c566fa88632', '6946227b-71a0-2adf-0644-e5a214c15aa7', 1, '2022-08-12 22:59:13'),
('671a9eb5-50c9-49e7-b22c-9681bba0e33c', '820323f7-3c32-4d1e-938c-46353b136adb', 3, '2023-09-13 18:12:31'),
('67408602-4805-48a7-224a-aea48a10ed18', '46c549a5-7816-40f1-1fef-dead9398fc25', 1, '2015-01-01 23:00:59'),
('674934cc-42cf-20cf-1d4a-aea48a10ed18', '45ac3d26-18f2-18a9-3031-644313fbb055', 1, '2018-01-01 13:58:24'),
('6814c1f9-991e-43e8-a215-54fb71da9a8d', '610c02c8-3188-4477-8fe8-b13405e3c0cd', 3, '2023-09-14 02:31:47'),
('6a9ebe01-76d0-7b35-eb69-4afe230d73a5', '16615283-1f06-616a-248f-6354f958f4c0', 3, '2019-12-20 05:39:04'),
('6acf37bb-5f8e-320e-3969-9f77bda75690', '2c7b6277-5ebb-11bc-1d8f-6354f958f4c0', 1, '2015-01-01 23:59:59'),
('6d3b9bea-50e2-3fe2-3d95-2c566fa88632', '19e7d50c-54f7-6ddf-2fa8-6d513e380bde', 1, '2015-01-01 00:01:39'),
('6d5cc407-7288-2823-55cb-b8d37b68af4d', '6d4bb321-5df6-5689-1c8f-6354f958f4c0', 1, '2023-02-03 21:33:09'),
('6e80a0cd-af76-499c-8055-eb1981d2d5a6', 'e94acd0b-6ecc-46f6-9384-2705900226d7', 1, '2023-09-13 17:55:14'),
('6ea5c225-cdf9-402e-998a-e7d9f030af21', '1b71be42-73a6-47f6-91e0-cf9ce94f630f', 1, '2023-09-13 18:12:49'),
('6fa7e698-b944-4af6-951e-8c9cafcf87c4', 'c4193470-a1b6-4ccd-96d1-198cad4cdafb', 1, '2023-09-13 17:52:16'),
('6fcbca4a-7938-4339-51cb-b8d37b68af4d', '7c48a057-3c21-3db0-06a4-60fcae00630c', 1, '2023-02-09 14:35:15'),
('70edc7b9-702f-70b2-3d71-153b37881afe', '3b4ce82c-1492-6844-3ff3-eb0223d0a4f7', 1, '2015-01-01 00:01:44'),
('724a3873-137c-6563-3a95-2c566fa88632', '7915ca58-3ecb-3660-3331-644313fbb055', 1, '2015-01-01 02:19:34'),
('731eb9ff-581b-14c8-3126-978952f080e4', '45c90996-249a-76ca-278f-6354f958f4c0', 1, '2015-01-01 00:00:43'),
('73a7a5c9-47c2-34ab-5bcb-b8d37b68af4d', '785d9303-1397-7393-0c44-e5a214c15aa7', 1, '2015-01-01 00:00:09'),
('741731fb-4dd0-50f8-4280-3a2297d01534', '2f2e88dc-3489-6934-4cf3-eb0223d0a4f7', 1, '2023-04-11 09:12:08'),
('751d9b3c-4512-268d-2826-978952f080e4', '2e72d671-36cd-4949-2ba8-6d513e380bde', 1, '2021-02-03 01:14:06'),
('7599f369-721b-12c1-4269-9f77bda75690', '365a213b-433a-3203-0f44-e5a214c15aa7', 1, '2016-06-24 16:32:30'),
('77f9db4f-5327-23f3-2b26-978952f080e4', '25dd087d-4b9c-29c0-1fe6-e5912e63173c', 1, '2019-05-11 21:12:37'),
('7836ad8f-67e8-4309-00b5-c8af08a50cbf', '29d10869-5341-4a42-23e6-e5912e63173c', 1, '2015-01-01 00:00:10'),
('794ca02a-1314-6ec3-df69-4afe230d73a5', '6571ec67-6ece-3667-b963-f389a2b8a695', 1, '2018-05-11 17:46:31'),
('799e5420-3e78-39b7-4871-153b37881afe', '31a31d28-3fea-1747-c763-f389a2b8a695', 1, '2015-01-01 00:00:31'),
('7a7d008f-16e6-64f9-234a-aea48a10ed18', '5f40b5dd-644e-449a-3531-644313fbb055', 1, '2018-02-02 21:48:03'),
('7d9fe009-31b1-5cd1-4971-153b37881afe', '6c0ead8f-7891-6923-288f-6354f958f4c0', 3, '2016-09-10 22:41:16'),
('7e336cda-7f4c-3a8e-3895-2c566fa88632', '568a5edf-15bc-7a5c-3ef3-eb0223d0a4f7', 1, '2015-01-01 00:16:14'),
('7f2f326b-4385-3beb-244a-aea48a10ed18', '50eeaa64-3b11-30e2-a418-75d8bd200d7c', 1, '2018-12-30 09:41:24'),
('7fc94edc-2827-7327-1f1e-21c6d80fbd76', '7c3f0380-7e8c-6885-19e6-e5912e63173c', 1, '2015-01-01 00:59:00'),
('82ad9393-a186-456e-863f-0a1c9369dc70', 'c47b278f-39b8-4c8e-9039-14fa7931ba4b', 1, '2023-09-13 17:27:15'),
('8f3622a6-ff98-421a-831d-74ccc2f33ef3', 'fb83c986-80d2-4c65-ba21-87f76c5d8a71', 1, '2023-09-13 17:31:51'),
('8f560b01-9013-4e02-b9c8-a167294d0ceb', 'baa75825-ae3d-425b-9f0a-43a1a6f9ffc8', 1, '2023-09-13 18:14:34'),
('913178d1-2eca-4350-b386-f8b0e4e6a549', 'b0613551-2c40-4f3b-9663-c0a948466d16', 3, '2023-09-13 18:16:27'),
('931304d8-251b-4ed0-9f2d-dcdec8e48ffd', 'f6d69362-37e5-4fc0-9753-acf31841df20', 1, '2023-09-13 17:52:16'),
('934b4183-bd4e-475f-b421-b26fa055b0f8', '2010cdbb-1e1a-4241-97fa-e224e66eb449', 3, '2023-09-14 02:31:38'),
('9a974d62-2ff9-417c-8eb6-00727995492e', '1b71be42-73a6-47f6-91e0-cf9ce94f630f', 3, '2023-09-13 18:13:17'),
('9de3ed91-23cd-4433-ad57-806c68173be5', '3eaca7e7-31ae-4958-96e6-f49db8f72d9c', 1, '2023-09-14 01:42:15'),
('a0ed0de7-8cdd-44d1-bc94-9125449ebc96', '0a1441a6-1dec-4f70-ae3f-41ced02f66d1', 1, '2023-09-14 01:42:15'),
('b5a39e7d-cd1c-4101-bda0-9f02159f8898', '29753556-3ffd-4a15-9c9c-63e9ea76a009', 1, '2023-09-13 17:57:20'),
('bc1acad2-fc81-4ab3-924d-e64a317a35e9', '38dc9071-2365-4e3d-8677-540f915a8374', 1, '2023-09-14 02:52:04'),
('c31deb60-8571-4177-840a-d9aa2203464b', '64dd2257-6de4-402a-98e7-19e99004f484', 1, '2023-09-13 17:31:51'),
('c4bac29a-eede-439d-b6ab-cef10b0e1dc6', '7f77b2f7-1297-4c25-a770-8fc70ec4f331', 1, '2023-09-14 02:31:14'),
('c5b1fb72-fa9e-4173-bdb3-b8344a47bb9b', '672327e5-e58e-446c-bcaf-292efa2a05ed', 1, '2023-09-13 17:56:08'),
('cfd49e07-545c-4b92-af33-cf325cdde205', 'b6c3d358-333d-4666-a367-396b10f61d4d', 1, '2023-09-14 02:31:32'),
('d11012dc-3b26-4bbf-b3b7-f2afcb982dfa', 'b0613551-2c40-4f3b-9663-c0a948466d16', 1, '2023-09-13 18:15:34'),
('d3f4d102-2fb2-4907-a537-63dc13dc1537', '4c4f9207-a909-4b25-ba01-3c2e44df6e2b', 1, '2023-09-13 18:14:34'),
('e7130c06-7afb-4a11-b006-49e241f9b8d7', '1c6719da-633b-4080-a4e5-2e8d8f549f06', 1, '2023-09-13 17:56:08'),
('e7eb3ab2-6fa5-4c92-a574-1914bf413859', '3eaca7e7-31ae-4958-96e6-f49db8f72d9c', 3, '2023-09-14 01:42:24'),
('efb1556e-d0a7-46f6-92a8-1ed70924e029', 'f4ba556f-4c45-453a-bc6d-0c403f72ef24', 1, '2023-09-14 02:45:42'),
('f491e4e6-8a25-497f-ad24-fab6652c2aff', 'a91fe051-b63e-4d5e-bfd7-39c67bab851a', 3, '2023-09-13 18:16:27'),
('fde1453f-e482-4606-83fb-b63d51f2d74b', '5e524ee4-1dfe-4354-b965-7101e68e8b16', 3, '2023-09-13 18:13:17'),
('fdedb309-1a9b-42dd-8ffa-1c2b256d579f', 'baa75825-ae3d-425b-9f0a-43a1a6f9ffc8', 3, '2023-09-13 18:15:16');

-- 
-- Dumping data for table conversionunit
--
INSERT INTO conversionunit VALUES
(3, '04f5f530-7858-4ac8-98ba-5763d75b7761', '1791d850-e2e1-4312-82e4-c6ead685693b', '174b8763-2707-7cb1-3c71-153b37881afe', 1.00, 0),
(1, '09dde4e7-2b05-4a40-b4f8-9170c8e648f6', '2a56dc25-29a3-47be-a5d2-fa6e76f3ba75', '3c39055f-64c2-11b9-f7b4-c8af08a50cbf', 12.28, 0),
(2, '104a2048-0b0c-475c-8b0e-7cc34e49d585', '3efaed8d-5563-4f7d-9eeb-574dc0b7b7a2', '3c91bd67-6353-1edc-1f4a-aea48a10ed18', 30.00, 0),
(5, '1152da18-24d8-65b6-0380-e8e2a817c80e', '57cdf8c4-47e3-5560-7e41-c1ec321fe728', '34bd2cef-5026-567c-3b71-153b37881afe', 3.24, 0),
(4, '118fc278-20c4-4dc5-b1a7-ee231834bd1a', '16fb4adb-86f7-4de1-833b-5012885a85be', '34bd2cef-5026-567c-3b71-153b37881afe', 1.00, 0),
(2, '11a817d0-0e5e-4482-9fc1-fc0300619037', 'c476f7c7-a0e4-4b75-b8b5-ec54fe62ce4a', '43a6bdf5-1b6b-451b-3695-2c566fa88632', 5.66, 0),
(5, '11f7089b-33e6-371a-f817-7000f455f3d5', '13ede5b6-19dd-563e-1980-de64d090a2c2', '271a41be-5739-6088-3795-2c566fa88632', 4.98, 1),
(2, '142cb08f-7c31-21fa-8e90-67245e8b283e', '2afb2146-430d-394b-3d35-0028ed526dd0', '2b5f15b9-17d9-57e8-1e4a-aea48a10ed18', 9.66, 0),
(2, '14c0ce35-1687-459c-1acb-66948daf6128', '524751f2-1577-523d-ce1d-086412a8ea97', '271a41be-5739-6088-3795-2c566fa88632', 9.00, 0),
(6, '150b2192-97b6-42af-9a66-7eb17f634ca4', '57cdf8c4-47e3-5560-7e41-c1ec321fe728', '4fddab77-56f1-4a46-96a5-5d4f1004d161', 6.24, 0),
(2, '167db0ca-fd2f-4724-99af-5922535e4759', 'b6c3d358-333d-4666-a367-396b10f61d4d', '438598e2-2574-4fc8-2626-978952f080e4', 6.12, 0),
(2, '17120d02-6ab5-3e43-18cb-66948daf6128', '3304dddb-1b72-607f-25c2-579daad24557', '536f0d7b-6fd5-2bb9-52cb-b8d37b68af4d', 7.06, 0),
(1, '179d5bc0-2405-67f7-9590-67245e8b283e', '6c5b9fe7-14c9-3bb5-b4d2-89b22d10517e', '674934cc-42cf-20cf-1d4a-aea48a10ed18', 1.27, 0),
(5, '1b336f56-7ee3-7ceb-1ccb-66948daf6128', '62af2231-78a7-7caa-cd1d-086412a8ea97', '6fcbca4a-7938-4339-51cb-b8d37b68af4d', 7.10, 0),
(3, '1c2187a3-6d94-2ded-21cb-66948daf6128', '5c7f0ec4-77f2-3794-cf1d-086412a8ea97', '3c39055f-64c2-11b9-f7b4-c8af08a50cbf', 3.89, 0),
(5, '1ded3dd7-32db-5bc9-9190-67245e8b283e', '7b666cc3-1b67-6037-67f6-423b4e874d0f', '3c91bd67-6353-1edc-1f4a-aea48a10ed18', 7.73, 0),
(5, '1df1c4a8-7f43-4df2-8df1-cc30d57869f9', 'b12bb875-4afd-4cc0-9959-1a55482db192', '674934cc-42cf-20cf-1d4a-aea48a10ed18', 1.00, 0),
(5, '1e5a953f-1c88-5769-addb-e5d54223c257', '35c3a053-254d-33f3-1b80-de64d090a2c2', '2a3cacd6-1a30-6760-3769-9f77bda75690', 2.56, 1),
(1, '1e688c58-3193-4c8f-aa91-4dd5ee9cc125', 'b6d2420d-8944-4a2c-940a-dd1089491ad3', '34bd2cef-5026-567c-3b71-153b37881afe', 3.81, 0),
(5, '1f22399e-14b4-5c2b-8132-6a1673ffca7c', '6485b64f-7835-65a4-8041-c1ec321fe728', '43a6bdf5-1b6b-451b-3695-2c566fa88632', 5.50, 0),
(1, '1f74cd3f-6de4-5324-0180-e8e2a817c80e', '62563348-7bd5-6519-3c35-0028ed526dd0', '438598e2-2574-4fc8-2626-978952f080e4', 9.77, 0),
(1, '1f8d7e46-1d1e-335f-79dd-867949feb8b5', '5f03d745-7702-1c85-2bc2-579daad24557', '6fcbca4a-7938-4339-51cb-b8d37b68af4d', 8.72, 1),
(3, '205a3e0a-13fe-3557-8232-6a1673ffca7c', '73dc79e1-1ccb-35a6-0235-60b3ebf808a9', '48d04691-671b-2f98-de69-4afe230d73a5', 5.58, 1),
(3, '2084c1d9-bc73-4bcf-b222-769f2de9a2e5', 'b6d2420d-8944-4a2c-940a-dd1089491ad3', '3c91bd67-6353-1edc-1f4a-aea48a10ed18', 1.00, 0),
(5, '20d0b9f3-3e65-1639-9d7d-e8c757976496', '35c3a053-254d-33f3-1b80-de64d090a2c2', '3c39055f-64c2-11b9-f7b4-c8af08a50cbf', 4.48, 1),
(5, '22032557-51a3-4005-1263-eeb1d8ed8cef', '2afb2146-430d-394b-3d35-0028ed526dd0', '3c39055f-64c2-11b9-f7b4-c8af08a50cbf', 2.11, 0),
(5, '2442c005-049b-435a-8e2b-c94ea3010704', 'bd96e45d-a55d-427c-82f5-7537fc7b345b', '3c91bd67-6353-1edc-1f4a-aea48a10ed18', 1.00, 0),
(2, '24629593-3d34-32fd-997d-e8c757976496', '36ac2df8-2b1e-368f-cc1d-086412a8ea97', '674934cc-42cf-20cf-1d4a-aea48a10ed18', 8.48, 1),
(3, '247986de-4165-651a-9490-67245e8b283e', '6b550b8f-7ff9-51bc-0f77-d9ebc53aac3d', '3c91bd67-6353-1edc-1f4a-aea48a10ed18', 8.23, 1),
(2, '25efaa0a-2220-4655-20cb-66948daf6128', '197fda97-5a35-781d-0e77-d9ebc53aac3d', '8be2765f-be13-4cd3-abea-8bf57418ae50', 4.72, 1),
(3, '272e1c99-9dfc-4f86-8c75-dc93b6863871', '3efaed8d-5563-4f7d-9eeb-574dc0b7b7a2', '6fcbca4a-7938-4339-51cb-b8d37b68af4d', 6.00, 0),
(2, '2805f2d6-9659-47df-b7b2-c3263b94a54b', '6c80a684-1cb5-41af-ff34-60b3ebf808a9', '7fc94edc-2827-7327-1f1e-21c6d80fbd76', 1.00, 0),
(1, '284ccb05-337b-7e6f-9090-67245e8b283e', '62af2231-78a7-7caa-cd1d-086412a8ea97', '64a59a25-2488-54b0-f6b4-c8af08a50cbf', 3.41, 0),
(4, '2b850d3d-6722-3f01-1bcb-66948daf6128', '6b550b8f-7ff9-51bc-0f77-d9ebc53aac3d', '3c91bd67-6353-1edc-1f4a-aea48a10ed18', 1.60, 1),
(2, '2bbbd485-6df2-536a-7e32-6a1673ffca7c', '407db4d1-222b-287d-0135-60b3ebf808a9', '536f0d7b-6fd5-2bb9-52cb-b8d37b68af4d', 3.37, 0),
(1, '2bf413d3-7a2c-217a-78dd-867949feb8b5', '197fda97-5a35-781d-0e77-d9ebc53aac3d', '6fcbca4a-7938-4339-51cb-b8d37b68af4d', 5.66, 0),
(1, '2c7ad63f-9fde-4936-a767-6e8facdee9b6', 'b6c3d358-333d-4666-a367-396b10f61d4d', '3c39055f-64c2-11b9-f7b4-c8af08a50cbf', 12.28, 0),
(1, '2dab474e-127d-4fc2-b267-8e7dbbd6a2ca', 'a1f218ac-c505-4c05-b7a4-17d367ace0d2', '2a3cacd6-1a30-6760-3769-9f77bda75690', 1.00, 0),
(5, '2dcedb9c-6c32-7d27-977d-e8c757976496', '3e51a46c-4153-229c-7f41-c1ec321fe728', '43a6bdf5-1b6b-451b-3695-2c566fa88632', 9.27, 0),
(3, '2de001fe-529b-33ad-0280-e8e2a817c80e', '7bd9cf39-3f55-3a7b-0035-60b3ebf808a9', '2b5f15b9-17d9-57e8-1e4a-aea48a10ed18', 6.97, 0),
(3, '2e579c28-4583-41f6-8bf1-f74b7bf19d8a', '2a56dc25-29a3-47be-a5d2-fa6e76f3ba75', '3052c754-3516-667a-3980-3a2297d01534', 2.00, 1),
(1, '2fb0b105-7808-503a-76dd-867949feb8b5', '1f85f165-3ed3-370a-b7d2-89b22d10517e', '34bd2cef-5026-567c-3b71-153b37881afe', 3.76, 0),
(4, '2ff059da-69a9-17a4-fc17-7000f455f3d5', '36ac2df8-2b1e-368f-cc1d-086412a8ea97', '3c39055f-64c2-11b9-f7b4-c8af08a50cbf', 6.12, 0),
(5, '34cde64f-62e4-186c-77dd-867949feb8b5', '5c7f0ec4-77f2-3794-cf1d-086412a8ea97', '674934cc-42cf-20cf-1d4a-aea48a10ed18', 7.16, 0),
(1, '354a2bd8-fea3-47ba-9c28-2705c9547c65', '5de704c2-573f-1a71-1a80-de64d090a2c2', '7fc94edc-2827-7327-1f1e-21c6d80fbd76', 1.00, 0),
(3, '3590dd80-43d2-1325-8732-6a1673ffca7c', '6a763a51-4322-5c5a-b5d2-89b22d10517e', '34bd2cef-5026-567c-3b71-153b37881afe', 8.60, 1),
(1, '3599ef50-13ed-5404-0e63-eeb1d8ed8cef', '18baaac1-2b18-2317-b9d2-89b22d10517e', '271a41be-5739-6088-3795-2c566fa88632', 3.70, 1),
(3, '36641566-0227-4526-a3e2-6ab265eb65b8', '7f77b2f7-1297-4c25-a770-8fc70ec4f331', '3052c754-3516-667a-3980-3a2297d01534', 2.00, 1),
(4, '36a5589a-7f2f-4781-b676-87f663799a37', '38dc9071-2365-4e3d-8677-540f915a8374', '6fcbca4a-7938-4339-51cb-b8d37b68af4d', 120.00, 0),
(1, '37a14a72-229a-46ce-8936-1a10494a432e', 'bd96e45d-a55d-427c-82f5-7537fc7b345b', '3052c754-3516-667a-3980-3a2297d01534', 20.00, 0),
(4, '38b1d642-47b7-7c97-6692-08c864661f9c', '3fed64ec-2f94-798f-0335-60b3ebf808a9', '271a41be-5739-6088-3795-2c566fa88632', 7.52, 1),
(2, '3ab17eb8-4928-4275-8332-6a1673ffca7c', '13ede5b6-19dd-563e-1980-de64d090a2c2', '3c39055f-64c2-11b9-f7b4-c8af08a50cbf', 8.10, 1),
(2, '3ab52f53-2ddb-413c-a2ed-b96dccc039e6', 'a1f218ac-c505-4c05-b7a4-17d367ace0d2', '3052c754-3516-667a-3980-3a2297d01534', 1.00, 0),
(3, '3abc4ce5-462f-5db9-9e7d-e8c757976496', '2356a2d8-7751-6f97-66f6-423b4e874d0f', '6fcbca4a-7938-4339-51cb-b8d37b68af4d', 3.31, 1),
(2, '3bfa338a-4ac1-4dcf-b9bc-db911f03bca8', '2a56dc25-29a3-47be-a5d2-fa6e76f3ba75', '438598e2-2574-4fc8-2626-978952f080e4', 6.12, 0),
(1, '3ca02802-1cfc-48ea-b891-2a6251c5c063', '1791d850-e2e1-4312-82e4-c6ead685693b', '8be2765f-be13-4cd3-abea-8bf57418ae50', 5.43, 0),
(2, '3ef08d53-5bf3-1e97-9790-67245e8b283e', '5a841b92-791c-78df-5180-7ed9d1ea06ea', '174b8763-2707-7cb1-3c71-153b37881afe', 10.00, 1),
(2, '3f66f2d6-688b-4161-5f92-08c864661f9c', '35c3a053-254d-33f3-1b80-de64d090a2c2', '2b5f15b9-17d9-57e8-1e4a-aea48a10ed18', 5.17, 0),
(1, '40036f5e-657f-2c3d-9f7d-e8c757976496', '57cdf8c4-47e3-5560-7e41-c1ec321fe728', '3c39055f-64c2-11b9-f7b4-c8af08a50cbf', 3.82, 1),
(2, '404fe340-1fd3-414b-aadb-e5d54223c257', '6a763a51-4322-5c5a-b5d2-89b22d10517e', '536f0d7b-6fd5-2bb9-52cb-b8d37b68af4d', 3.06, 0),
(5, '40d18600-02db-4079-af23-b321068e06c6', '59821b8d-9584-45e2-8fc8-c39b16a3bb48', '8e4806b2-5a81-4b68-aa97-6f283282ab96', 3.55, 0),
(5, '4188bc78-6e7e-2c0a-7fdd-867949feb8b5', '1e5e96fa-5d7a-599d-27c2-579daad24557', '438598e2-2574-4fc8-2626-978952f080e4', 5.70, 0),
(4, '4296b118-76aa-3241-7edd-867949feb8b5', '6b550b8f-7ff9-51bc-0f77-d9ebc53aac3d', '64a59a25-2488-54b0-f6b4-c8af08a50cbf', 8.55, 1),
(5, '439cdac8-4380-1e2d-0f63-eeb1d8ed8cef', '5f03d745-7702-1c85-2bc2-579daad24557', '3c91bd67-6353-1edc-1f4a-aea48a10ed18', 9.84, 0),
(2, '4448a185-202a-56da-8632-6a1673ffca7c', '73dc79e1-1ccb-35a6-0235-60b3ebf808a9', '48d04691-671b-2f98-de69-4afe230d73a5', 10.00, 1),
(2, '4577565a-7e3e-493a-74dd-867949feb8b5', '56dce332-76f0-6b9b-5080-7ed9d1ea06ea', '6fcbca4a-7938-4339-51cb-b8d37b68af4d', 10.00, 1),
(3, '469b3ece-744a-45d5-957d-e8c757976496', '57cdf8c4-47e3-5560-7e41-c1ec321fe728', '3c91bd67-6353-1edc-1f4a-aea48a10ed18', 1.59, 0),
(2, '46f514e3-3598-177c-6192-08c864661f9c', '28cd1599-63bf-785f-4f80-7ed9d1ea06ea', '174b8763-2707-7cb1-3c71-153b37881afe', 9.50, 0),
(3, '47405a55-5845-562c-7ddd-867949feb8b5', '13ede5b6-19dd-563e-1980-de64d090a2c2', '2a3cacd6-1a30-6760-3769-9f77bda75690', 8.70, 0),
(3, '4760d71f-6e2f-5b32-19cb-66948daf6128', '3738ce93-1661-5628-2cc2-579daad24557', '43a6bdf5-1b6b-451b-3695-2c566fa88632', 9.30, 0),
(3, '4b54e912-1cd1-48f6-8e57-e3a58cb8b141', 'f4ba556f-4c45-453a-bc6d-0c403f72ef24', '6fcbca4a-7938-4339-51cb-b8d37b68af4d', 6.00, 0),
(1, '4c2386b1-57fb-15fa-1063-eeb1d8ed8cef', '62563348-7bd5-6519-3c35-0028ed526dd0', '34bd2cef-5026-567c-3b71-153b37881afe', 5.98, 0),
(5, '4d79d901-1edc-5c5b-0780-e8e2a817c80e', '73dc79e1-1ccb-35a6-0235-60b3ebf808a9', '2b5f15b9-17d9-57e8-1e4a-aea48a10ed18', 5.44, 1),
(5, '4d7b21db-2e02-12b7-a9db-e5d54223c257', '524751f2-1577-523d-ce1d-086412a8ea97', '3c39055f-64c2-11b9-f7b4-c8af08a50cbf', 8.51, 1),
(2, '4e272fc4-7875-78d6-7d32-6a1673ffca7c', '506acf1e-5331-67a9-0d77-d9ebc53aac3d', '536f0d7b-6fd5-2bb9-52cb-b8d37b68af4d', 5.58, 0),
(3, '4eceddac-7dc2-38ea-7bdd-867949feb8b5', '595e7d51-318c-39e8-1377-d9ebc53aac3d', '3052c754-3516-667a-3980-3a2297d01534', 6.27, 1),
(2, '51641e09-6502-4175-bba6-cb0cdce2b534', 'b12bb875-4afd-4cc0-9959-1a55482db192', '43a6bdf5-1b6b-451b-3695-2c566fa88632', 8.10, 1),
(2, '52f7159d-5242-1af8-9c7d-e8c757976496', '409dcd1a-426a-23f7-3a35-0028ed526dd0', '2a3cacd6-1a30-6760-3769-9f77bda75690', 3.41, 0),
(1, '53f6b59c-6af6-4204-6292-08c864661f9c', '524751f2-1577-523d-ce1d-086412a8ea97', '2b5f15b9-17d9-57e8-1e4a-aea48a10ed18', 10.00, 1),
(4, '53f96e67-d6e6-440b-a074-1ac8fcf18bf5', 'b12bb875-4afd-4cc0-9959-1a55482db192', '64a59a25-2488-54b0-f6b4-c8af08a50cbf', 1.00, 0),
(1, '546269c4-89b6-4eed-81dd-0a0957737b2a', '7f77b2f7-1297-4c25-a770-8fc70ec4f331', '3c39055f-64c2-11b9-f7b4-c8af08a50cbf', 12.28, 0),
(2, '5608f456-3b97-2e05-5d92-08c864661f9c', '5a841b92-791c-78df-5180-7ed9d1ea06ea', '34bd2cef-5026-567c-3b71-153b37881afe', 7.38, 1),
(4, '5660d465-6020-48f3-75dd-867949feb8b5', '56aaf263-3355-23ea-b8d2-89b22d10517e', '674934cc-42cf-20cf-1d4a-aea48a10ed18', 1.01, 0),
(1, '56957607-562f-5d6d-1ecb-66948daf6128', '3738ce93-1661-5628-2cc2-579daad24557', '48d04691-671b-2f98-de69-4afe230d73a5', 8.78, 1),
(4, '5906f482-ff77-413a-82f7-4e6d27d11b06', '7bd9cf39-3f55-3a7b-0035-60b3ebf808a9', '3c39055f-64c2-11b9-f7b4-c8af08a50cbf', 1.00, 1),
(5, '59d19422-6657-452e-a7db-e5d54223c257', '7bd9cf39-3f55-3a7b-0035-60b3ebf808a9', '438598e2-2574-4fc8-2626-978952f080e4', 3.94, 0),
(2, '59fd5b22-3d04-4264-8e15-8e78c88f58aa', '48eb9fbb-b995-41d1-b34c-2d9d2db085e9', '3c91bd67-6353-1edc-1f4a-aea48a10ed18', 15.00, 0),
(3, '5ae2d70b-201d-3e23-7f32-6a1673ffca7c', '481183cb-5a6c-795b-68f6-423b4e874d0f', '536f0d7b-6fd5-2bb9-52cb-b8d37b68af4d', 1.09, 0),
(1, '5b2fcdf5-2050-7cb2-8f90-67245e8b283e', '506acf1e-5331-67a9-0d77-d9ebc53aac3d', '64a59a25-2488-54b0-f6b4-c8af08a50cbf', 7.81, 0),
(3, '5badffd8-18c8-3f76-6492-08c864661f9c', '4db9a514-6d87-2ec1-3b35-0028ed526dd0', '7fc94edc-2827-7327-1f1e-21c6d80fbd76', 3.77, 1),
(4, '5c63ba8f-59bb-6d2f-9990-67245e8b283e', '73dc79e1-1ccb-35a6-0235-60b3ebf808a9', '271a41be-5739-6088-3795-2c566fa88632', 4.40, 1),
(1, '5fbbda7e-7566-416f-9b7d-e8c757976496', '506acf1e-5331-67a9-0d77-d9ebc53aac3d', '34bd2cef-5026-567c-3b71-153b37881afe', 7.83, 0),
(5, '6081dc00-4df0-5184-9690-67245e8b283e', '62af2231-78a7-7caa-cd1d-086412a8ea97', '536f0d7b-6fd5-2bb9-52cb-b8d37b68af4d', 4.49, 1),
(0, '616cd97f-2c77-41c2-8731-ecc291e93841', 'b12bb875-4afd-4cc0-9959-1a55482db192', '34bd2cef-5026-567c-3b71-153b37881afe', 8.70, 0),
(5, '61a45b9e-55c1-3dbb-f917-7000f455f3d5', '677132b4-2a33-68d1-26c2-579daad24557', '3052c754-3516-667a-3980-3a2297d01534', 8.83, 1),
(5, '6429b0f4-1391-7f32-9390-67245e8b283e', '6a763a51-4322-5c5a-b5d2-89b22d10517e', '6fcbca4a-7938-4339-51cb-b8d37b68af4d', 6.81, 1),
(5, '645f2e5c-7670-66a0-6092-08c864661f9c', '4989ff24-23e7-7b82-b6d2-89b22d10517e', '3052c754-3516-667a-3980-3a2297d01534', 6.39, 1),
(2, '6764ab86-6fcc-2757-8032-6a1673ffca7c', '5fab4ff7-1b8e-64d0-1880-de64d090a2c2', '271a41be-5739-6088-3795-2c566fa88632', 1.31, 0),
(3, '67979e8c-161a-4bbe-8220-bb62095120ed', 'c476f7c7-a0e4-4b75-b8b5-ec54fe62ce4a', '64a59a25-2488-54b0-f6b4-c8af08a50cbf', 1.00, 0),
(4, '67b5c284-1c59-4a0a-0580-e8e2a817c80e', '7ad34860-1ac8-7ad7-d01d-086412a8ea97', '43a6bdf5-1b6b-451b-3695-2c566fa88632', 9.34, 1),
(3, '6831e735-295c-4871-b9ab-1934da2e592b', '16fb4adb-86f7-4de1-833b-5012885a85be', '8be2765f-be13-4cd3-abea-8bf57418ae50', 5.43, 0),
(5, '68478414-705a-2626-5c92-08c864661f9c', '6f51ea57-13b2-139f-1177-d9ebc53aac3d', '6fcbca4a-7938-4339-51cb-b8d37b68af4d', 5.39, 0),
(1, '6916f8cf-1279-16d8-9290-67245e8b283e', '12693b29-274c-35ce-d11d-086412a8ea97', '43a6bdf5-1b6b-451b-3695-2c566fa88632', 2.81, 0),
(5, '698623e9-1def-6cb3-fa17-7000f455f3d5', '5a841b92-791c-78df-5180-7ed9d1ea06ea', '64a59a25-2488-54b0-f6b4-c8af08a50cbf', 4.99, 1),
(2, '69cdb3c5-55bc-2a7a-9a7d-e8c757976496', '57cdf8c4-47e3-5560-7e41-c1ec321fe728', '43a6bdf5-1b6b-451b-3695-2c566fa88632', 7.39, 1),
(4, '6a4d99cd-242a-6200-7add-867949feb8b5', '197fda97-5a35-781d-0e77-d9ebc53aac3d', '48d04691-671b-2f98-de69-4afe230d73a5', 5.43, 0),
(2, '6bb3ff08-58f4-4a6b-8ed4-a3e2b9e9a6a9', '8faced4f-1a76-4684-a3c3-d3673142a750', '536f0d7b-6fd5-2bb9-52cb-b8d37b68af4d', 5.58, 0),
(2, '6c97b353-5d7d-4095-1dcb-66948daf6128', '506acf1e-5331-67a9-0d77-d9ebc53aac3d', '3c91bd67-6353-1edc-1f4a-aea48a10ed18', 3.80, 0),
(5, '6f2475a8-1ff5-13e7-0680-e8e2a817c80e', '12693b29-274c-35ce-d11d-086412a8ea97', '7fc94edc-2827-7327-1f1e-21c6d80fbd76', 3.81, 0),
(2, '70253ec7-2e38-67a9-b1db-e5d54223c257', '409dcd1a-426a-23f7-3a35-0028ed526dd0', '48d04691-671b-2f98-de69-4afe230d73a5', 1.69, 0),
(2, '7050d79b-6948-3c66-1fcb-66948daf6128', '5f03d745-7702-1c85-2bc2-579daad24557', '174b8763-2707-7cb1-3c71-153b37881afe', 9.04, 0),
(1, '70af83de-413e-63ef-6592-08c864661f9c', '407db4d1-222b-287d-0135-60b3ebf808a9', '536f0d7b-6fd5-2bb9-52cb-b8d37b68af4d', 7.36, 1),
(4, '72ce912f-6015-2e14-fb17-7000f455f3d5', '4989ff24-23e7-7b82-b6d2-89b22d10517e', '34bd2cef-5026-567c-3b71-153b37881afe', 6.15, 0),
(2, '7325f44f-127c-240c-afdb-e5d54223c257', '2356a2d8-7751-6f97-66f6-423b4e874d0f', '6fcbca4a-7938-4339-51cb-b8d37b68af4d', 8.31, 0),
(3, '74017ba6-559b-3426-8532-6a1673ffca7c', '524751f2-1577-523d-ce1d-086412a8ea97', '271a41be-5739-6088-3795-2c566fa88632', 2.01, 0),
(4, '74449cd0-c614-4dd1-9a99-c345249924a0', 'a1f218ac-c505-4c05-b7a4-17d367ace0d2', '34bd2cef-5026-567c-3b71-153b37881afe', 1.00, 0),
(5, '7623d42f-35f4-1ce5-987d-e8c757976496', '36ac2df8-2b1e-368f-cc1d-086412a8ea97', '7fc94edc-2827-7327-1f1e-21c6d80fbd76', 1.43, 0),
(4, '767111e6-3dbc-615a-0880-e8e2a817c80e', '595e7d51-318c-39e8-1377-d9ebc53aac3d', '3c91bd67-6353-1edc-1f4a-aea48a10ed18', 1.39, 0),
(3, '768f8e64-7d10-20c9-967d-e8c757976496', '62563348-7bd5-6519-3c35-0028ed526dd0', '438598e2-2574-4fc8-2626-978952f080e4', 2.26, 1),
(2, '771e3dd1-42bb-2339-acdb-e5d54223c257', '5de704c2-573f-1a71-1a80-de64d090a2c2', '4b254cf0-39c0-4eef-8532-20f44bfbc210', 2.66, 0),
(2, '771fd106-a2d4-4bff-900d-195897e3097a', '4975910a-7c89-4402-bbca-42d8333c4af1', '3c91bd67-6353-1edc-1f4a-aea48a10ed18', 30.00, 0),
(5, '777ec896-b7e6-41d2-bdaa-debfce1fc872', '38dc9071-2365-4e3d-8677-540f915a8374', '3c91bd67-6353-1edc-1f4a-aea48a10ed18', 1.00, 0),
(5, '791b9e6b-6010-1e33-b0db-e5d54223c257', '6b550b8f-7ff9-51bc-0f77-d9ebc53aac3d', '536f0d7b-6fd5-2bb9-52cb-b8d37b68af4d', 9.55, 0),
(4, '79627233-ce54-4c76-8ae9-6938ed8142f8', 'bd96e45d-a55d-427c-82f5-7537fc7b345b', '6fcbca4a-7938-4339-51cb-b8d37b68af4d', 120.00, 0),
(3, '7979bc52-9260-48ad-9662-9744e43d2dbf', 'b6c3d358-333d-4666-a367-396b10f61d4d', '3052c754-3516-667a-3980-3a2297d01534', 2.00, 1),
(4, '79fa8253-391f-4864-b2db-e5d54223c257', '57cdf8c4-47e3-5560-7e41-c1ec321fe728', '271a41be-5739-6088-3795-2c566fa88632', 6.99, 0),
(4, '7abe18db-2b8a-5fcb-aedb-e5d54223c257', '6a763a51-4322-5c5a-b5d2-89b22d10517e', '64a59a25-2488-54b0-f6b4-c8af08a50cbf', 2.47, 1),
(1, '7bec5682-21c4-666f-a8db-e5d54223c257', '1e5e96fa-5d7a-599d-27c2-579daad24557', '3052c754-3516-667a-3980-3a2297d01534', 10.00, 1),
(2, '7d057ee0-c6d4-48f8-8e92-59dc049b7872', '949fe669-47f4-4dc1-b8b0-4e18cf8a6019', '34bd2cef-5026-567c-3b71-153b37881afe', 3.76, 0),
(4, '7e4a64ed-3925-5bb5-6392-08c864661f9c', '6f51ea57-13b2-139f-1177-d9ebc53aac3d', '3052c754-3516-667a-3980-3a2297d01534', 9.78, 1),
(0, '7e8f50b2-5100-74d8-0480-e8e2a817c80e', '6c80a684-1cb5-41af-ff34-60b3ebf808a9', '674934cc-42cf-20cf-1d4a-aea48a10ed18', 1.19, 0),
(5, '7f4552ee-20f2-2f82-9890-67245e8b283e', '6f51ea57-13b2-139f-1177-d9ebc53aac3d', '174b8763-2707-7cb1-3c71-153b37881afe', 9.55, 0),
(4, '892d3ee2-94a2-42e9-b9f2-1e12938aa7d7', 'c476f7c7-a0e4-4b75-b8b5-ec54fe62ce4a', '8e4806b2-5a81-4b68-aa97-6f283282ab96', 1.00, 1),
(2, '89bab377-5fce-4050-8945-60a9d2ddf493', '7f77b2f7-1297-4c25-a770-8fc70ec4f331', '438598e2-2574-4fc8-2626-978952f080e4', 6.12, 0),
(2, '89e46a81-79e5-4b80-8e6c-b4a0bb3872c7', '16fb4adb-86f7-4de1-833b-5012885a85be', '3052c754-3516-667a-3980-3a2297d01534', 1.00, 0),
(4, '8cce6a6d-f437-42c1-93b7-a8f8aa032bd8', '8faced4f-1a76-4684-a3c3-d3673142a750', '3c39055f-64c2-11b9-f7b4-c8af08a50cbf', 7.81, 0),
(3, '92b09b07-5d7d-4b02-b93d-aad244a3ac81', '59821b8d-9584-45e2-8fc8-c39b16a3bb48', '438598e2-2574-4fc8-2626-978952f080e4', 8.04, 1),
(4, '93dd4feb-8e17-42a4-b7d6-90fdda235755', '59821b8d-9584-45e2-8fc8-c39b16a3bb48', '174b8763-2707-7cb1-3c71-153b37881afe', 8.69, 1),
(1, '946d58d1-d2b5-40c0-98fa-b365ee1f0e42', '59821b8d-9584-45e2-8fc8-c39b16a3bb48', '64a59a25-2488-54b0-f6b4-c8af08a50cbf', 5.94, 1),
(4, '9778fe4d-1a75-4380-a8b4-431b794533b5', 'b6d2420d-8944-4a2c-940a-dd1089491ad3', '438598e2-2574-4fc8-2626-978952f080e4', 1.00, 0),
(1, '9bc2bae8-2c9e-4acb-afd8-60f1d79f7de8', 'b12bb875-4afd-4cc0-9959-1a55482db192', '3c91bd67-6353-1edc-1f4a-aea48a10ed18', 4.98, 1),
(1, 'a0872901-66a2-4a65-9e05-6cf90de846f2', '4975910a-7c89-4402-bbca-42d8333c4af1', '43a6bdf5-1b6b-451b-3695-2c566fa88632', 1.00, 0),
(1, 'a100ad20-0c2d-4f34-a90d-c7e574a42fdd', 'f4ba556f-4c45-453a-bc6d-0c403f72ef24', '43a6bdf5-1b6b-451b-3695-2c566fa88632', 1.00, 0),
(2, 'a83bb508-8240-4018-bd81-9d7b902ed7e8', 'bd96e45d-a55d-427c-82f5-7537fc7b345b', '34bd2cef-5026-567c-3b71-153b37881afe', 1.00, 0),
(1, 'ab8c0d33-75fd-49a0-b800-2c5bf007c7fb', '48eb9fbb-b995-41d1-b34c-2d9d2db085e9', '43a6bdf5-1b6b-451b-3695-2c566fa88632', 1.00, 0),
(3, 'b1880ab5-83fa-4966-b662-c19db961e78a', '4975910a-7c89-4402-bbca-42d8333c4af1', '6fcbca4a-7938-4339-51cb-b8d37b68af4d', 6.00, 0),
(2, 'b3ce64e5-6693-4bc9-974c-407cc6c1ecc1', '8faced4f-1a76-4684-a3c3-d3673142a750', '34bd2cef-5026-567c-3b71-153b37881afe', 7.83, 0),
(3, 'b4864ed9-2fcd-4cb6-8c81-67dd7ba67924', '38dc9071-2365-4e3d-8677-540f915a8374', '8e4806b2-5a81-4b68-aa97-6f283282ab96', 2.00, 1),
(1, 'b70c9755-6130-4a1c-bfd7-47ebdfc7808d', '6c80a684-1cb5-41af-ff34-60b3ebf808a9', '64a59a25-2488-54b0-f6b4-c8af08a50cbf', 1.00, 0),
(3, 'bed8d45c-8205-496a-9eff-eb56f5e9c3ce', 'bd96e45d-a55d-427c-82f5-7537fc7b345b', '8e4806b2-5a81-4b68-aa97-6f283282ab96', 2.00, 1),
(1, 'c1e8ab6b-864a-4113-b73e-ffcc2d057a2d', 'c476f7c7-a0e4-4b75-b8b5-ec54fe62ce4a', '8be2765f-be13-4cd3-abea-8bf57418ae50', 5.43, 0),
(1, 'c27457e4-6989-4328-a7f9-a0e15f01de1a', '38dc9071-2365-4e3d-8677-540f915a8374', '3052c754-3516-667a-3980-3a2297d01534', 20.00, 0),
(1, 'cbbc1453-e205-49fc-9426-54fbbdc4e05c', '3efaed8d-5563-4f7d-9eeb-574dc0b7b7a2', '43a6bdf5-1b6b-451b-3695-2c566fa88632', 1.00, 0),
(2, 'cc6b619f-27b4-437b-9859-5754c7c59e84', '1791d850-e2e1-4312-82e4-c6ead685693b', '64a59a25-2488-54b0-f6b4-c8af08a50cbf', 1.00, 0),
(2, 'd36e52fb-5764-43f9-a40b-d34cdb43ab17', '59821b8d-9584-45e2-8fc8-c39b16a3bb48', '6fcbca4a-7938-4339-51cb-b8d37b68af4d', 5.21, 1),
(2, 'da1ff4fd-030b-4d76-af9b-b02d3d16908f', 'f4ba556f-4c45-453a-bc6d-0c403f72ef24', '3c91bd67-6353-1edc-1f4a-aea48a10ed18', 30.00, 0),
(2, 'dc7baf25-42d6-4755-97ca-fcfc75e0f911', '38dc9071-2365-4e3d-8677-540f915a8374', '34bd2cef-5026-567c-3b71-153b37881afe', 1.00, 0),
(2, 'e402db42-99f6-4dc7-a9fc-8f53d63a7354', '8faced4f-1a76-4684-a3c3-d3673142a750', '3c91bd67-6353-1edc-1f4a-aea48a10ed18', 3.80, 0),
(1, 'e7e22aca-b780-46d7-818f-7c8d54bbbbc2', '1791d850-e2e1-4312-82e4-c6ead685693b', '43a6bdf5-1b6b-451b-3695-2c566fa88632', 5.66, 0),
(1, 'e98355b4-133c-4555-b385-d8f5c764f658', '16fb4adb-86f7-4de1-833b-5012885a85be', '2a3cacd6-1a30-6760-3769-9f77bda75690', 1.00, 0),
(3, 'ea719e4b-76c0-40c4-bfea-d592f8796230', 'a1f218ac-c505-4c05-b7a4-17d367ace0d2', '8be2765f-be13-4cd3-abea-8bf57418ae50', 5.43, 0),
(3, 'edef9dff-53f4-4a30-85e5-73bc40b136aa', '48eb9fbb-b995-41d1-b34c-2d9d2db085e9', '6fcbca4a-7938-4339-51cb-b8d37b68af4d', 6.00, 0),
(2, 'f42ea6bd-44ab-4858-ae8f-42a47c33e1fa', 'b6d2420d-8944-4a2c-940a-dd1089491ad3', '6fcbca4a-7938-4339-51cb-b8d37b68af4d', 2.81, 0),
(5, 'f98b6ce1-c141-4f82-a666-2c2ccf2d703a', 'b6d2420d-8944-4a2c-940a-dd1089491ad3', '64a59a25-2488-54b0-f6b4-c8af08a50cbf', 1.00, 0);

-- 
-- Restore previous SQL mode
-- 
/*!40101 SET SQL_MODE=@OLD_SQL_MODE */;

-- 
-- Enable foreign keys
-- 
/*!40014 SET FOREIGN_KEY_CHECKS = @OLD_FOREIGN_KEY_CHECKS */;